t,S,I,R,D,beta,gamma,mu,R0
0.0,60461892.0,261.70874,-117.645355,-137.16518,0.36072972,0.0044756234,0.04439212,7.3817554
1.0,60461916.0,211.19763,-117.12243,-155.09874,0.355404,0.004555434,0.043665268,7.3703613
2.0,60461940.0,161.45116,-116.311905,-173.19302,0.35007364,0.004636839,0.042940196,7.358038
3.0,60461972.0,112.70807,-115.22132,-191.40918,0.3447407,0.0047198534,0.0422172,7.344745
4.0,60462012.0,65.265175,-113.73697,-209.72948,0.33940655,0.004804522,0.0414966,7.330417
5.0,60462052.0,19.367691,-111.9203,-228.10463,0.33407336,0.004890889,0.040778708,7.315006
6.0,60462100.0,-24.65531,-109.691475,-246.49088,0.32874274,0.0049789697,0.040063832,7.2984524
7.0,60462150.0,-66.47797,-107.062195,-264.8535,0.3234166,0.005068809,0.039352268,7.280701
8.0,60462210.0,-105.729256,-104.0216,-283.13132,0.31809667,0.005160436,0.038644306,7.261695
9.0,60462268.0,-141.91878,-100.52161,-301.26218,0.3127848,0.005253896,0.037940253,7.2413697
10.0,60462332.0,-174.59485,-96.626595,-319.1924,0.30748302,0.005349219,0.037240393,7.2196717
11.0,60462400.0,-203.29286,-92.28808,-336.84027,0.30219293,0.005446464,0.036544986,7.1965346
12.0,60462468.0,-227.34502,-87.5884,-354.1241,0.29691654,0.005545646,0.035854317,7.1719036
13.0,60462536.0,-246.17053,-82.522545,-370.95886,0.29165572,0.00564681,0.035168644,7.145718
14.0,60462604.0,-259.04028,-77.061676,-387.24936,0.28641236,0.0057499856,0.034488242,7.117917
15.0,60462670.0,-265.15414,-71.335785,-402.8852,0.28118816,0.0058552474,0.033813335,7.0884347
16.0,60462740.0,-263.68616,-65.30726,-417.73593,0.275985,0.0059625953,0.033144176,7.0572176
17.0,60462804.0,-253.6588,-59.005764,-431.6833,0.2708048,0.006072104,0.03248101,7.0242
18.0,60462860.0,-234.00734,-52.541252,-444.5667,0.26564926,0.006183803,0.03182403,6.9893293
19.0,60462910.0,-203.64131,-45.973072,-456.22995,0.26052025,0.0062977374,0.031173468,6.952545
20.0,60462956.0,-161.25082,-39.240616,-466.4891,0.2554195,0.0064139515,0.030529534,6.9137893
21.0,60462990.0,-105.445335,-32.439606,-475.14978,0.25034878,0.0065324903,0.02989241,6.8730125
22.0,60463012.0,-34.714943,-25.61686,-481.98904,0.24531002,0.0066533834,0.029262299,6.830165
23.0,60463016.0,52.608364,-18.808744,-486.76913,0.24030454,0.0067767054,0.02863936,6.7851844
24.0,60463004.0,158.34744,-12.002717,-489.22757,0.23533423,0.006902486,0.028023763,6.7380333
25.0,60462972.0,284.4768,-5.1979446,-489.07446,0.23040076,0.00703077,0.027415667,6.6886673
26.0,60462916.0,433.21616,1.6712009,-485.9851,0.22550566,0.0071616173,0.026815219,6.637041
27.0,60462830.0,606.8981,8.618096,-479.61417,0.22065051,0.007295072,0.02622254,6.583121
28.0,60462716.0,808.1134,15.784447,-469.5829,0.2158369,0.0074311644,0.025637776,6.526877
29.0,60462570.0,1039.6593,23.276844,-455.47278,0.21106617,0.0075699836,0.025061024,6.46827
30.0,60462376.0,1304.5199,31.383297,-436.83063,0.20633991,0.0077115446,0.024492392,6.4072886
31.0,60462140.0,1606.0219,40.24802,-413.157,0.2016594,0.007855922,0.023931986,6.3439026
32.0,60461852.0,1947.6655,50.3187,-383.91583,0.19702609,0.00800316,0.023379881,6.2781067
33.0,60461508.0,2333.2417,62.007908,-348.52158,0.19244124,0.008153304,0.022836154,6.2098937
34.0,60461100.0,2766.7998,75.81559,-306.3484,0.18790598,0.008306429,0.022300873,6.1392536
35.0,60460628.0,3252.6821,92.40052,-256.70743,0.1834216,0.008462548,0.021774089,6.0662036
36.0,60460076.0,3795.4893,112.56027,-198.8692,0.17898937,0.008621752,0.02125586,5.990752
37.0,60459444.0,4400.0737,137.1827,-132.05095,0.17461018,0.008784071,0.020746214,5.912919
38.0,60458720.0,5071.54,167.28436,-55.414764,0.17028518,0.008949578,0.02024517,5.832733
39.0,60457896.0,5815.2466,204.10179,31.922445,0.16601528,0.009118319,0.019752765,5.750227
40.0,60456970.0,6636.7744,249.01479,130.90396,0.16180153,0.009290352,0.019269008,5.6654468
41.0,60455924.0,7541.7935,303.52026,242.52138,0.15764461,0.009465739,0.0187939,5.578437
42.0,60454760.0,8536.142,369.35297,367.80475,0.15354542,0.009644523,0.018327434,5.489263
43.0,60453460.0,9625.689,448.35797,507.81128,0.14950474,0.009826779,0.017869597,5.397989
44.0,60452020.0,10816.24,542.5413,663.6465,0.14552312,0.010012537,0.017420381,5.3046894
45.0,60450428.0,12113.517,654.0532,836.4174,0.14160134,0.010201871,0.016979737,5.209454
46.0,60448684.0,13522.924,785.163,1027.2546,0.13773985,0.010394841,0.016547645,5.112366
47.0,60446772.0,15049.543,938.2422,1237.2589,0.13393928,0.010591507,0.01612407,5.0135274
48.0,60444690.0,16697.922,1115.6504,1467.5259,0.13020004,0.010791928,0.015708953,4.913046
49.0,60442424.0,18471.908,1319.8303,1719.0839,0.1265225,0.010996133,0.015302247,4.8110375
50.0,60439980.0,20374.473,1553.0862,1992.9106,0.12290694,0.011204213,0.014903891,4.7076163
51.0,60437344.0,22407.613,1817.7654,2289.873,0.119353786,0.011416212,0.0145138325,4.602915
52.0,60434520.0,24572.09,2116.061,2610.7412,0.11586328,0.011632189,0.014131993,4.497068
53.0,60431508.0,26867.322,2449.8364,2956.1326,0.112435415,0.011852205,0.013758296,4.390208
54.0,60428300.0,29291.186,2821.061,3326.5034,0.109070495,0.012076303,0.013392669,4.282485
55.0,60424904.0,31839.902,3231.2502,3722.116,0.10576852,0.012304559,0.013035026,4.174043
56.0,60421324.0,34508.08,3681.8608,4143.0356,0.10252954,0.012537017,0.012685284,4.065035
57.0,60417570.0,37288.414,4174.087,4589.0957,0.09935351,0.012773722,0.01234335,3.9556165
58.0,60413640.0,40171.836,4708.9917,5059.8965,0.096240416,0.013014764,0.012009138,3.8459396
59.0,60409550.0,43147.785,5287.6133,5554.8193,0.09318997,0.013260171,0.011682535,3.7361612
60.0,60405316.0,46203.76,5910.875,6072.983,0.0902022,0.013510004,0.011363462,3.6264427
61.0,60400944.0,49326.164,6579.859,6613.3003,0.08727683,0.013764307,0.011051804,3.5169423
62.0,60396450.0,52500.055,7295.806,7174.4736,0.08441363,0.01402314,0.01074746,3.4078157
63.0,60391844.0,55709.496,8060.1597,7755.0034,0.08161236,0.014286563,0.010450325,3.299217
64.0,60387150.0,58938.082,8874.684,8353.254,0.07887255,0.01455462,0.010160285,3.1912947
65.0,60382380.0,62168.953,9741.491,8967.429,0.07619394,0.014827341,0.009877235,3.0842037
66.0,60377548.0,65385.16,10663.008,9595.644,0.07357623,0.0151048,0.009601063,2.9780874
67.0,60372670.0,68570.234,11642.093,10235.968,0.07101883,0.015387043,0.009331653,2.8730814
68.0,60367764.0,71707.94,12681.701,10886.4,0.068521455,0.015674084,0.009068894,2.769329
69.0,60362844.0,74783.01,13785.142,11544.973,0.06608339,0.015966013,0.008812672,2.6669447
70.0,60357920.0,77781.09,14955.625,12209.728,0.06370439,0.01626283,0.008562866,2.5660665
71.0,60353004.0,80688.81,16196.323,12878.742,0.061383735,0.016564593,0.008319366,2.4667993
72.0,60348116.0,83494.16,17510.17,13550.197,0.059120934,0.016871348,0.008082054,2.3692534
73.0,60343260.0,86186.164,18899.67,14222.329,0.056915443,0.01718311,0.007850814,2.2735326
74.0,60338452.0,88755.15,20366.781,14893.462,0.054766666,0.017499924,0.0076255263,2.1797287
75.0,60333696.0,91192.734,21912.96,15562.057,0.052673917,0.017821819,0.007406077,2.0879235
76.0,60329012.0,93491.61,23538.83,16226.632,0.05063663,0.018148825,0.0071923467,1.9981961
77.0,60324396.0,95645.484,25244.23,16885.824,0.04865415,0.018480957,0.006984228,1.9106145
78.0,60319868.0,97649.25,27028.41,17538.395,0.04672579,0.018818274,0.006781596,1.8252354
79.0,60315430.0,99498.46,28889.715,18183.146,0.044850927,0.019160748,0.0065843435,1.7421157
80.0,60311096.0,101189.71,30825.93,18819.035,0.043028902,0.019508421,0.006392348,1.6612982
81.0,60306864.0,102720.164,32834.18,19445.057,0.041258972,0.01986131,0.006205508,1.5828158
82.0,60302750.0,104087.69,34911.203,20060.307,0.03954054,0.0202194,0.006023702,1.5067023
83.0,60298756.0,105290.77,37053.426,20663.965,0.037872862,0.02058272,0.005846822,1.4329746
84.0,60294884.0,106328.36,39256.89,21255.287,0.03625522,0.020951256,0.0056747557,1.3616468
85.0,60291148.0,107199.88,41517.63,21833.572,0.034686994,0.021325022,0.0055074007,1.2927269
86.0,60287544.0,107905.305,43831.777,22398.238,0.033167403,0.021704018,0.0053446414,1.2262125
87.0,60284080.0,108444.89,46195.414,22948.713,0.031695854,0.022088185,0.005186376,1.1621032
88.0,60280756.0,108819.46,48604.945,23484.537,0.030271571,0.022477552,0.0050325007,1.1003822
89.0,60277576.0,109030.18,51056.9,24005.295,0.02889384,0.022872105,0.004882908,1.0410314
90.0,60274540.0,109078.64,53548.16,24510.625,0.027562153,0.02327177,0.0047374936,0.9840371
91.0,60271650.0,108966.95,56075.832,25000.268,0.026275676,0.02367656,0.004596162,0.9293649
92.0,60268900.0,108697.63,58637.38,25473.984,0.025033813,0.02408643,0.004458815,0.87698716
93.0,60266292.0,108273.73,61230.395,25931.611,0.023835879,0.024501294,0.0043253484,0.8268697
94.0,60263824.0,107698.766,63852.805,26373.06,0.022681247,0.024921149,0.0041956725,0.77897406
95.0,60261492.0,106976.83,66502.484,26798.285,0.021569233,0.025345936,0.004069686,0.7332578
96.0,60259292.0,106112.54,69177.55,27207.291,0.0204993,0.025775552,0.003947306,0.68968135
97.0,60257220.0,105111.086,71876.055,27600.166,0.019470703,0.026209965,0.0038284273,0.6481939
98.0,60255276.0,103978.2,74595.89,27977.008,0.018482964,0.026649073,0.003712973,0.6087523
99.0,60253450.0,102720.18,77334.94,28337.994,0.01753543,0.027092785,0.0036008477,0.57130516
100.0,60251736.0,101343.86,80090.84,28683.352,0.016627531,0.027541026,0.003491968,0.5358017
101.0,60250132.0,99856.58,82860.98,29013.309,0.015758734,0.027993679,0.0033862533,0.5021915
102.0,60248630.0,98266.1,85642.48,29328.178,0.014928412,0.028450608,0.003283611,0.47041997
103.0,60247228.0,96580.63,88432.21,29628.281,0.014136147,0.028911725,0.003183964,0.44043756
104.0,60245916.0,94808.766,91226.79,29913.986,0.0133813135,0.02937688,0.0030872375,0.4121878
105.0,60244696.0,92959.3,94022.46,30185.666,0.012663495,0.029845878,0.0029933483,0.38562098
106.0,60243550.0,91041.2,96815.38,30443.738,0.011982184,0.030318648,0.0029022188,0.3606825
107.0,60242490.0,89063.63,99601.42,30688.633,0.011336904,0.030794948,0.0028137804,0.33732024
108.0,60241492.0,87035.664,102376.4,30920.803,0.010727178,0.031274617,0.0027279526,0.31548142
109.0,60240570.0,84966.33,105136.0,31140.703,0.010152619,0.031757444,0.00264467,0.29511616
110.0,60239700.0,82864.38,107876.01,31348.805,0.00961275,0.032243237,0.0025638582,0.27617216
111.0,60238896.0,80738.414,110592.22,31545.584,0.009107243,0.032731727,0.002485454,0.2586023
112.0,60238140.0,78596.61,113280.53,31731.533,0.008635651,0.033222705,0.0024093867,0.242356
113.0,60237440.0,76446.65,115937.16,31907.133,0.008197617,0.033715874,0.00233559,0.22738652
114.0,60236780.0,74295.8,118558.58,32072.861,0.007792782,0.03421095,0.002264005,0.21364748
115.0,60236164.0,72150.74,121141.46,32229.2,0.0074208193,0.034707665,0.0021945685,0.20109403
116.0,60235588.0,70017.66,123682.86,32376.629,0.007081371,0.035205647,0.0021272183,0.18968195
117.0,60235050.0,67901.984,126180.336,32515.61,0.0067741685,0.035704553,0.0020618946,0.17937002
118.0,60234544.0,65808.63,128631.625,32646.594,0.0064988844,0.03620401,0.0019985407,0.17011651
119.0,60234068.0,63741.91,131035.02,32770.04,0.0062552206,0.03670366,0.0019371003,0.1618814
120.0,60233616.0,61705.598,133389.08,32886.37,0.006042909,0.037203,0.0018775195,0.15462714
121.0,60233190.0,59702.75,135692.81,32996.016,0.0058617108,0.03770159,0.0018197447,0.14831762
122.0,60232790.0,57736.074,137945.45,33099.363,0.0057112984,0.038198948,0.0017637223,0.14291583
123.0,60232412.0,55807.723,140146.64,33196.812,0.0055914633,0.03869453,0.0017094016,0.13838908
124.0,60232050.0,53919.473,142296.22,33288.727,0.0055019967,0.03918779,0.001656735,0.13470587
125.0,60231704.0,52072.63,144394.25,33375.47,0.0054426305,0.039678127,0.0016056746,0.13183452
126.0,60231372.0,50268.258,146441.05,33457.36,0.0054130666,0.040164873,0.00155617,0.12974428
127.0,60231052.0,48507.14,148437.02,33534.72,0.0054132156,0.040647358,0.0015081794,0.12841055
128.0,60230744.0,46789.8,150382.61,33607.85,0.00544272,0.041124806,0.0014616549,0.127804
129.0,60230450.0,45116.582,152278.52,33677.03,0.005501371,0.041596442,0.001416558,0.1279002
130.0,60230160.0,43487.723,154125.31,33742.51,0.00558893,0.042061448,0.0013728411,0.12867554
131.0,60229880.0,41903.316,155923.7,33804.55,0.005705189,0.042518884,0.0013304681,0.13010885
132.0,60229610.0,40363.355,157674.31,33863.363,0.0058498792,0.042967826,0.0012893975,0.13217908
133.0,60229340.0,38867.84,159377.8,33919.156,0.0060227327,0.043407217,0.0012495875,0.13486707
134.0,60229076.0,37416.68,161034.8,33972.137,0.006223511,0.043835998,0.0012110055,0.13815594
135.0,60228816.0,36009.773,162645.78,34022.47,0.006451886,0.044252977,0.0011736095,0.14202887
136.0,60228556.0,34647.0,164211.39,34070.324,0.0067075603,0.044656977,0.0011373699,0.14647137
137.0,60228304.0,33328.207,165732.06,34115.863,0.0069902353,0.045046613,0.0011022448,0.15147147
138.0,60228052.0,32053.271,167208.25,34159.21,0.0072995834,0.045420557,0.0010682077,0.15701823
139.0,60227800.0,30822.01,168640.38,34200.504,0.0076351576,0.045777336,0.0010352224,0.16310063
140.0,60227550.0,29634.213,170028.86,34239.863,0.00799663,0.04611537,0.0010032594,0.1697127
141.0,60227304.0,28489.68,171374.16,34277.402,0.008383583,0.04643309,0.0009722829,0.1768488
142.0,60227056.0,27388.127,172676.55,34313.215,0.008795571,0.04672876,0.000942266,0.18450558
143.0,60226810.0,26329.316,173936.53,34347.402,0.009232055,0.047000617,0.0009131819,0.19268052
144.0,60226564.0,25312.822,175154.48,34380.06,0.009692561,0.04724677,0.00088499783,0.20137554
145.0,60226316.0,24338.268,176330.89,34411.266,0.010176491,0.047465295,0.00085768703,0.2105932
146.0,60226068.0,23405.203,177466.25,34441.094,0.0106832795,0.047654226,0.0008312285,0.22033988
147.0,60225824.0,22513.121,178561.02,34469.625,0.011212271,0.04781148,0.00080558955,0.23062417
148.0,60225576.0,21661.393,179615.84,34496.94,0.011762809,0.047934964,0.00078074634,0.24145822
149.0,60225332.0,20849.406,180631.31,34523.09,0.0123341195,0.04802257,0.000756678,0.2528559
150.0,60225090.0,20076.447,181608.12,34548.15,0.012925487,0.048072115,0.0007333577,0.26483685
151.0,60224840.0,19341.705,182547.0,34572.188,0.013536047,0.048081517,0.0007107616,0.2774219
152.0,60224596.0,18644.424,183448.75,34595.25,0.014164995,0.04804866,0.00068886875,0.29063836
153.0,60224350.0,17983.674,184314.12,34617.41,0.014811318,0.047971487,0.00066765846,0.30451438
154.0,60224108.0,17358.58,185144.06,34638.715,0.015474152,0.047848016,0.00064710976,0.31908676
155.0,60223864.0,16768.15,185939.52,34659.223,0.016152423,0.047676384,0.0006272018,0.33439386
156.0,60223620.0,16211.44,186701.33,34678.99,0.016845148,0.047455013,0.00060791074,0.35048112
157.0,60223376.0,15687.434,187430.62,34698.055,0.017551195,0.04718238,0.0005892247,0.36739805
158.0,60223132.0,15195.09,188128.31,34716.477,0.018269371,0.046857223,0.0005711198,0.38519943
159.0,60222892.0,14733.432,188795.5,34734.293,0.018998574,0.046478674,0.00055357814,0.4039478
160.0,60222650.0,14301.396,189433.22,34751.56,0.019737583,0.046046063,0.0005365849,0.42371106
161.0,60222410.0,13897.998,190042.6,34768.312,0.020485085,0.045559213,0.00052012206,0.4445612
162.0,60222164.0,13522.241,190624.67,34784.586,0.021239828,0.045018345,0.0005041719,0.4665785
163.0,60221924.0,13173.125,191180.55,34800.43,0.022000473,0.044424087,0.0004887194,0.48984852
164.0,60221680.0,12849.751,191711.3,34815.867,0.022765677,0.043777645,0.00047374965,0.5144624
165.0,60221440.0,12551.17,192218.08,34830.95,0.02353407,0.043080717,0.00045924782,0.54051656
166.0,60221196.0,12276.567,192701.89,34845.69,0.024304282,0.042335495,0.00044519603,0.5681134
167.0,60220956.0,12025.022,193163.92,34860.125,0.02507491,0.04154481,0.00043158533,0.5973574
168.0,60220708.0,11795.825,193605.12,34874.285,0.025844466,0.04071194,0.0004183978,0.6283553
169.0,60220464.0,11588.225,194026.58,34888.19,0.026611637,0.039840713,0.00040562154,0.66121894
170.0,60220216.0,11401.492,194429.36,34901.86,0.027374934,0.038935423,0.00039324164,0.69605553
171.0,60219970.0,11235.041,194814.47,34915.32,0.028132956,0.038000792,0.00038125218,0.7329718
172.0,60219720.0,11088.277,195182.86,34928.598,0.028884362,0.037041843,0.00036963224,0.7720723
173.0,60219464.0,10960.682,195535.53,34941.688,0.029627722,0.03606397,0.0003583789,0.81344897
174.0,60219210.0,10851.758,195873.47,34954.625,0.030361664,0.03507264,0.0003474742,0.8571871
175.0,60218948.0,10761.084,196197.62,34967.402,0.031084847,0.0340735,0.0003369093,0.9033559
176.0,60218684.0,10688.296,196508.89,34980.05,0.03179605,0.0330721,0.0003266722,0.9520126
177.0,60218412.0,10633.074,196808.14,34992.57,0.03249393,0.03207396,0.00031675698,1.0031865
178.0,60218140.0,10595.148,197096.3,35004.965,0.033177238,0.031084314,0.0003071487,1.0568873
179.0,60217860.0,10574.279,197374.2,35017.246,0.0338449,0.030108139,0.00029783844,1.1131002
180.0,60217572.0,10570.29,197642.72,35029.406,0.034495633,0.029150069,0.00028882027,1.1717709
181.0,60217280.0,10583.063,197902.55,35041.465,0.035128485,0.028214246,0.00028008223,1.2328237
182.0,60216976.0,10612.473,198154.62,35053.418,0.035742413,0.027304351,0.0002716154,1.2961437
183.0,60216668.0,10658.477,198399.64,35065.258,0.036336403,0.026423573,0.0002634138,1.3615776
184.0,60216350.0,10721.049,198638.39,35076.996,0.03690959,0.025574535,0.0002554655,1.4289427
185.0,60216024.0,10800.183,198871.58,35088.62,0.037461173,0.024759337,0.0002477646,1.4980214
186.0,60215684.0,10895.939,199099.95,35100.15,0.037990343,0.02397959,0.00024030209,1.5685596
187.0,60215336.0,11008.366,199324.16,35111.543,0.038496446,0.02323635,0.00023307205,1.640281
188.0,60214972.0,11137.56,199544.89,35122.836,0.038978767,0.022530273,0.00022606552,1.7128751
189.0,60214600.0,11283.6,199762.81,35133.996,0.03943686,0.021861553,0.00021927655,1.7860225
190.0,60214216.0,11446.637,199978.58,35145.05,0.039870184,0.021230027,0.00021269917,1.8593804
191.0,60213812.0,11626.81,200192.81,35155.953,0.040278297,0.020635188,0.00020632744,1.9325993
192.0,60213400.0,11824.269,200406.02,35166.742,0.04066093,0.020076275,0.00020014941,2.0053303
193.0,60212970.0,12039.124,200618.89,35177.383,0.041017752,0.01955226,0.00019416511,2.077224
194.0,60212524.0,12271.642,200831.94,35187.883,0.041348647,0.019061953,0.0001883626,2.1479466
195.0,60212060.0,12521.88,201045.72,35198.234,0.041653346,0.018604025,0.00018274189,2.217164
196.0,60211580.0,12790.07,201260.73,35208.434,0.04193191,0.018177032,0.000177297,2.2845786
197.0,60211084.0,13076.348,201477.52,35218.477,0.042184304,0.01777944,0.00017201602,2.34991
198.0,60210570.0,13380.872,201696.53,35228.367,0.042410534,0.017409682,0.00016690195,2.4128995
199.0,60210030.0,13703.841,201918.22,35238.086,0.042610776,0.017066196,0.00016194284,2.4733245
200.0,60209476.0,14045.336,202143.1,35247.64,0.04278518,0.01674737,0.00015713871,2.5309923
201.0,60208900.0,14405.497,202371.53,35257.027,0.04293401,0.016451672,0.0001524806,2.5857396
202.0,60208304.0,14784.466,202603.94,35266.242,0.043057483,0.016177565,0.00014796853,2.6374319
203.0,60207690.0,15182.319,202840.78,35275.285,0.04315601,0.01592359,0.00014359356,2.6859725
204.0,60207050.0,15599.159,203082.3,35284.15,0.04322995,0.015688285,0.00013935268,2.731295
205.0,60206388.0,16035.033,203329.0,35292.848,0.04327972,0.015470311,0.00013524294,2.7733536
206.0,60205704.0,16489.992,203581.12,35301.36,0.043305736,0.015268356,0.00013125838,2.8121312
207.0,60204996.0,16964.074,203839.03,35309.703,0.043308537,0.015081182,0.000127396,2.8476388
208.0,60204264.0,17457.256,204103.0,35317.87,0.04328866,0.014907628,0.00012365282,2.879905
209.0,60203510.0,17969.467,204373.3,35325.875,0.043246698,0.014746591,0.00012002588,2.9089804
210.0,60202732.0,18500.738,204650.28,35333.695,0.04318319,0.0145970285,0.0001165092,2.934929
211.0,60201930.0,19050.932,204934.08,35341.36,0.0430987,0.014457986,0.00011309981,2.9578235
212.0,60201104.0,19619.938,205225.03,35348.86,0.042993974,0.014328539,0.000109791756,2.9777663
213.0,60200252.0,20207.666,205523.3,35356.19,0.04286958,0.014207855,0.000106588006,2.9948478
214.0,60199376.0,20813.945,205829.11,35363.375,0.0427262,0.0140951425,0.000103482605,3.0091786
215.0,60198470.0,21438.514,206142.64,35370.4,0.042564522,0.013989672,0.00010046959,3.0208726
216.0,60197548.0,22081.252,206464.05,35377.28,0.04238523,0.013890758,9.754896e-05,3.0300474
217.0,60196596.0,22741.826,206793.55,35384.02,0.042189043,0.01379779,9.471774e-05,3.03682
218.0,60195620.0,23420.035,207131.22,35390.62,0.041976612,0.013710171,9.197295e-05,3.041311
219.0,60194616.0,24115.516,207477.27,35397.094,0.041748684,0.013627365,8.93116e-05,3.0436442
220.0,60193590.0,24827.941,207831.73,35403.434,0.041505884,0.013548881,8.672774e-05,3.0439334
221.0,60192540.0,25556.951,208194.78,35409.664,0.04124899,0.013474271,8.422732e-05,3.0422978
222.0,60191468.0,26302.203,208566.45,35415.785,0.04097871,0.013403118,8.179843e-05,3.0388556
223.0,60190370.0,27063.229,208946.88,35421.79,0.04069568,0.013335019,7.944405e-05,3.0337164
224.0,60189244.0,27839.564,209336.1,35427.695,0.040400635,0.013269633,7.716417e-05,3.0269911
225.0,60188096.0,28630.84,209734.22,35433.508,0.04009415,0.013206646,7.4949865e-05,3.018775
226.0,60186924.0,29436.453,210141.25,35439.24,0.03977702,0.013145745,7.2801115e-05,3.0091827
227.0,60185732.0,30255.947,210557.16,35444.883,0.039449822,0.013086662,7.072091e-05,2.9983032
228.0,60184516.0,31088.762,210982.11,35450.45,0.039113235,0.013029158,6.870031e-05,2.9862313
229.0,60183276.0,31934.377,211416.03,35455.94,0.038767885,0.012973011,6.67423e-05,2.9730537
230.0,60182016.0,32792.207,211858.95,35461.375,0.03841434,0.012918025,6.484091e-05,2.9588492
231.0,60180732.0,33661.55,212310.84,35466.746,0.038053285,0.012863994,6.2999134e-05,2.9437075
232.0,60179428.0,34541.906,212771.75,35472.066,0.037685256,0.012810752,6.1210994e-05,2.9277008
233.0,60178104.0,35432.6,213241.66,35477.324,0.03731085,0.012758166,5.9476497e-05,2.9108982
234.0,60176764.0,36332.996,213720.52,35482.547,0.036930602,0.012706086,5.7795645e-05,2.8933675
235.0,60175400.0,37242.46,214208.27,35487.723,0.03654502,0.012654394,5.6162477e-05,2.8751707
236.0,60174020.0,38160.24,214704.86,35492.86,0.0361547,0.01260297,5.4579974e-05,2.856374
237.0,60172620.0,39085.72,215210.31,35497.96,0.035760116,0.01255174,5.3045154e-05,2.837027
238.0,60171200.0,40018.207,215724.5,35503.027,0.03536175,0.012500599,5.155504e-05,2.8171856
239.0,60169770.0,40956.92,216247.4,35508.066,0.034960043,0.012449473,5.0109626e-05,2.7968967
240.0,60168320.0,41901.242,216778.88,35513.07,0.034555536,0.012398288,4.8705937e-05,2.7762153
241.0,60166852.0,42850.477,217318.98,35518.05,0.034148585,0.012346998,4.734397e-05,2.7551754
242.0,60165376.0,43803.797,217867.5,35523.004,0.033739638,0.012295544,4.6023728e-05,2.733821
243.0,60163880.0,44760.63,218424.39,35527.926,0.03332911,0.012243882,4.4742228e-05,2.712192
244.0,60162376.0,45720.14,218989.56,35532.824,0.032917332,0.012191966,4.349649e-05,2.6903217
245.0,60160856.0,46681.707,219562.89,35537.7,0.03250472,0.012139767,4.2289495e-05,2.6682456
246.0,60159324.0,47644.56,220144.31,35542.543,0.03209163,0.012087271,4.1118266e-05,2.6459928
247.0,60157784.0,48608.027,220733.67,35547.36,0.03167839,0.012034446,3.9979815e-05,2.6235938
248.0,60156230.0,49571.383,221330.8,35552.15,0.03126527,0.011981264,3.887713e-05,2.6010735
249.0,60154670.0,50533.992,221935.66,35556.906,0.030852657,0.011927739,3.7807225e-05,2.578458
250.0,60153104.0,51495.125,222548.12,35561.63,0.030440789,0.011873841,3.6767127e-05,2.555771
251.0,60151530.0,52454.137,223167.94,35566.324,0.030029994,0.011819556,3.5756828e-05,2.5330408
252.0,60149944.0,53410.387,223795.12,35570.973,0.02962042,0.011764914,3.477633e-05,2.510271
253.0,60148356.0,54363.15,224429.39,35575.586,0.029212456,0.011709884,3.3825636e-05,2.4874983
254.0,60146760.0,55311.9,225070.72,35580.156,0.02880622,0.011654496,3.2901764e-05,2.4647248
255.0,60145164.0,56255.953,225718.86,35584.68,0.028402012,0.011598721,3.2004715e-05,2.441981
256.0,60143560.0,57194.758,226373.69,35589.16,0.027999979,0.011542603,3.113449e-05,2.4192686
257.0,60141950.0,58127.66,227035.03,35593.58,0.02760033,0.011486128,3.0291081e-05,2.396607
258.0,60140348.0,59054.16,227702.75,35597.945,0.027203273,0.01142931,2.9468536e-05,2.3740115
259.0,60138736.0,59973.684,228376.67,35602.258,0.026808929,0.011372164,2.8672815e-05,2.3514879
260.0,60137130.0,60885.742,229056.6,35606.492,0.026417505,0.01131469,2.7897955e-05,2.3290544
261.0,60135516.0,61789.76,229742.34,35610.67,0.026029151,0.011256933,2.7146936e-05,2.3067145
262.0,60133908.0,62685.273,230433.77,35614.777,0.025644016,0.011198893,2.641678e-05,2.2844818
263.0,60132300.0,63571.86,231130.78,35618.81,0.025262129,0.011140585,2.5707484e-05,2.262356
264.0,60130696.0,64449.035,231833.03,35622.76,0.024883758,0.011082023,2.501905e-05,2.2403586
265.0,60129096.0,65316.355,232540.45,35626.637,0.024508875,0.011023223,2.4351479e-05,2.2184846
266.0,60127496.0,66173.5,233252.81,35630.42,0.024137657,0.01096423,2.3701787e-05,2.1967425
267.0,60125900.0,67019.98,233969.89,35634.13,0.023770195,0.010905027,2.3069979e-05,2.175145
268.0,60124310.0,67855.55,234691.66,35637.734,0.023406576,0.010845646,2.2459031e-05,2.1536944
269.0,60122730.0,68679.78,235417.75,35641.25,0.023046773,0.010786131,2.1862985e-05,2.1323822
270.0,60121148.0,69492.41,236148.06,35644.668,0.022691023,0.010726467,2.1284819e-05,2.1112344
271.0,60119580.0,70293.15,236882.39,35647.984,0.022339296,0.010666683,2.0721554e-05,2.090245
272.0,60118012.0,71081.71,237620.64,35651.203,0.021991622,0.010606825,2.0176172e-05,2.0694098
273.0,60116456.0,71857.86,238362.44,35654.305,0.02164812,0.010546878,1.9645691e-05,2.0487459
274.0,60114908.0,72621.33,239107.75,35657.316,0.02130879,0.010486886,1.9130111e-05,2.0282466
275.0,60113370.0,73371.945,239856.33,35660.207,0.020973664,0.010426864,1.8629433e-05,2.007915
276.0,60111836.0,74109.555,240608.02,35662.99,0.020642828,0.010366827,1.8143654e-05,1.9877598
277.0,60110316.0,74833.94,241362.66,35665.656,0.020316225,0.010306805,1.7669798e-05,1.9677731
278.0,60108804.0,75544.97,242119.97,35668.207,0.019993912,0.010246813,1.7210841e-05,1.9479604
279.0,60107304.0,76242.56,242879.9,35670.652,0.019675981,0.010186851,1.6763806e-05,1.9283344
280.0,60105812.0,76926.54,243642.14,35672.977,0.019362342,0.010126978,1.6331673e-05,1.9088781
281.0,60104332.0,77596.84,244406.56,35675.188,0.019053053,0.01006718,1.590848e-05,1.8896048
282.0,60102864.0,78253.414,245173.11,35677.273,0.018748086,0.010007486,1.5497208e-05,1.8705096
283.0,60101410.0,78896.195,245941.44,35679.246,0.01844747,0.009947926,1.5100837e-05,1.851593
284.0,60099964.0,79525.12,246711.52,35681.105,0.018151175,0.009888485,1.4713407e-05,1.83286
285.0,60098532.0,80140.17,247483.03,35682.84,0.017859291,0.009829223,1.4334917e-05,1.8143126
286.0,60097116.0,80741.39,248255.9,35684.465,0.01757164,0.009770155,1.3968349e-05,1.7959341
287.0,60095708.0,81328.73,249030.03,35685.96,0.017288338,0.009711251,1.3613701e-05,1.7777458
288.0,60094316.0,81902.22,249805.19,35687.355,0.017009359,0.009652585,1.3265014e-05,1.7597376
289.0,60092936.0,82461.914,250581.19,35688.633,0.01673467,0.009594128,1.2928248e-05,1.7419145
290.0,60091570.0,83007.87,251357.95,35689.79,0.016464245,0.009535924,1.2603402e-05,1.7242706
291.0,60090216.0,83540.09,252135.31,35690.836,0.01619805,0.009477988,1.2284518e-05,1.7068057
292.0,60088876.0,84058.72,252913.08,35691.773,0.015936088,0.00942032,1.1974574e-05,1.6895238
293.0,60087550.0,84563.75,253691.16,35692.605,0.015678298,0.009362936,1.167357e-05,1.6724215
294.0,60086240.0,85055.34,254469.39,35693.33,0.01542474,0.0093058795,1.1378527e-05,1.655502
295.0,60084940.0,85533.55,255247.66,35693.94,0.0151752345,0.009249121,1.1095405e-05,1.6387559
296.0,60083660.0,85998.516,256025.8,35694.46,0.014929902,0.00919269,1.0818243e-05,1.6221968
297.0,60082388.0,86450.37,256803.73,35694.87,0.014688622,0.009136617,1.0547042e-05,1.6058116
298.0,60081136.0,86889.16,257581.3,35695.19,0.014451366,0.009080902,1.0284782e-05,1.5896018
299.0,60079896.0,87315.11,258358.44,35695.414,0.014218133,0.009025544,1.0031462e-05,1.5735725
300.0,60078668.0,87728.29,259134.94,35695.547,0.013988923,0.008970574,9.781123e-06,1.5577251
301.0,60077456.0,88128.875,259910.78,35695.582,0.013763588,0.0089160055,9.539724e-06,1.5420445
302.0,60076260.0,88516.99,260685.75,35695.527,0.0135421865,0.00886184,9.307266e-06,1.5265428
303.0,60075076.0,88892.805,261459.92,35695.402,0.0133246295,0.008808076,9.077788e-06,1.5112166
304.0,60073908.0,89256.484,262232.97,35695.188,0.013110917,0.008754745,8.85427e-06,1.4960654
305.0,60072750.0,89608.195,263004.97,35694.902,0.01290096,0.008701846,8.639693e-06,1.4810839
306.0,60071612.0,89948.08,263775.72,35694.535,0.012694787,0.008649394,8.428097e-06,1.4662795
307.0,60070490.0,90276.27,264545.22,35694.1,0.01249231,0.008597404,8.222461e-06,1.4516445
308.0,60069376.0,90593.01,265313.4,35693.598,0.012293469,0.008545861,8.022786e-06,1.4371799
309.0,60068276.0,90898.47,266080.06,35693.027,0.012098264,0.008494794,7.8290705e-06,1.422886
310.0,60067190.0,91192.766,266845.22,35692.4,0.011906635,0.008444205,7.638336e-06,1.4087619
311.0,60066124.0,91476.12,267608.75,35691.71,0.011718582,0.008394092,7.456541e-06,1.3948122
312.0,60065068.0,91748.695,268370.66,35690.97,0.011533987,0.008344486,7.277727e-06,1.3810241
313.0,60064024.0,92010.69,269130.72,35690.176,0.011352818,0.008295372,7.1018935e-06,1.3674018
314.0,60062996.0,92262.24,269889.1,35689.332,0.011175107,0.008246779,6.9320204e-06,1.3539494
315.0,60061984.0,92503.56,270645.5,35688.453,0.011000764,0.0081986785,6.765127e-06,1.3406665
316.0,60060980.0,92734.82,271400.03,35687.527,0.010829698,0.008151099,6.604195e-06,1.3275425
317.0,60059990.0,92956.234,272152.56,35686.562,0.010661971,0.008104041,6.449223e-06,1.3145901
318.0,60059016.0,93167.93,272903.06,35685.566,0.010497462,0.00805752,6.297231e-06,1.3017981
319.0,60058052.0,93370.086,273651.44,35684.54,0.010336112,0.00801152,6.148219e-06,1.2891668
320.0,60057104.0,93562.945,274397.75,35683.49,0.010177951,0.007966071,6.002188e-06,1.2767006
321.0,60056170.0,93746.59,275141.88,35682.41,0.01002289,0.007921159,5.8621167e-06,1.2643955
322.0,60055244.0,93921.28,275883.72,35681.316,0.009870928,0.007876784,5.7250263e-06,1.2522572
323.0,60054332.0,94087.164,276623.38,35680.207,0.009721976,0.007832974,5.590916e-06,1.2402749
324.0,60053430.0,94244.43,277360.7,35679.082,0.009576004,0.007789701,5.4597854e-06,1.228455
325.0,60052544.0,94393.17,278095.75,35677.945,0.009432953,0.0077469945,5.3316357e-06,1.21679
326.0,60051668.0,94533.64,278828.4,35676.805,0.0092927925,0.007704839,5.209446e-06,1.2052833
327.0,60050804.0,94666.0,279558.62,35675.66,0.009155553,0.00766325,5.0872563e-06,1.1939424
328.0,60049950.0,94790.4,280286.56,35674.516,0.009021085,0.007622227,4.9710275e-06,1.1827521
329.0,60049110.0,94906.984,281011.97,35673.367,0.008889448,0.0075817853,4.8577785e-06,1.1717235
330.0,60048280.0,95015.97,281734.97,35672.23,0.008760493,0.00754188,4.7445296e-06,1.1608492
331.0,60047464.0,95117.47,282455.47,35671.1,0.008634251,0.0075025707,4.6372415e-06,1.1501281
332.0,60046656.0,95211.66,283173.47,35669.99,0.00851066,0.0074638277,4.529953e-06,1.1395625
333.0,60045860.0,95298.7,283888.97,35668.883,0.008389693,0.007425651,4.4286253e-06,1.1291525
334.0,60045070.0,95378.734,284601.94,35667.797,0.008271318,0.0073880553,4.327297e-06,1.1188974
335.0,60044296.0,95451.914,285312.34,35666.73,0.008155476,0.007351041,4.22895e-06,1.1087936
336.0,60043532.0,95518.44,286020.22,35665.69,0.008042138,0.0073145926,4.133582e-06,1.0988439
337.0,60042776.0,95578.36,286725.53,35664.664,0.007931214,0.0072787404,4.041195e-06,1.0890363
338.0,60042030.0,95631.89,287428.22,35663.684,0.007822793,0.0072434545,3.9488077e-06,1.0793926
339.0,60041296.0,95679.17,288128.38,35662.723,0.0077166967,0.0072087497,3.8594007e-06,1.0698898
340.0,60040570.0,95720.34,288825.94,35661.797,0.0076129846,0.007174611,3.7759544e-06,1.0605425
341.0,60039852.0,95755.53,289520.8,35660.91,0.0075115673,0.0071410686,3.6895276e-06,1.0513396
342.0,60039144.0,95784.84,290213.2,35660.047,0.007412445,0.007108107,3.6090612e-06,1.0422864
343.0,60038444.0,95808.46,290902.88,35659.234,0.0073155575,0.007075712,3.528595e-06,1.0333816
344.0,60037756.0,95826.51,291589.94,35658.457,0.0072208755,0.007043898,3.451109e-06,1.0246229
345.0,60037076.0,95839.086,292274.44,35657.74,0.007128369,0.00701268,3.373623e-06,1.0160083
346.0,60036404.0,95846.32,292956.3,35657.05,0.0070380084,0.0069820285,3.2991172e-06,1.0075417
347.0,60035740.0,95848.39,293635.53,35656.41,0.0069496743,0.006951943,3.2275916e-06,0.99920976
348.0,60035084.0,95845.375,294312.16,35655.824,0.006863486,0.0069224536,3.156066e-06,0.99102986
349.0,60034436.0,95837.36,294986.12,35655.3,0.0067793243,0.0068935454,3.0875206e-06,0.98299044
350.0,60033796.0,95824.51,295657.53,35654.812,0.0066971295,0.0068652034,3.0219555e-06,0.9750888
351.0,60033164.0,95806.95,296326.3,35654.383,0.006616961,0.0068374276,2.9563905e-06,0.96733767
352.0,60032540.0,95784.77,296992.4,35654.016,0.0065387003,0.006810248,2.8908253e-06,0.95971924
353.0,60031924.0,95758.06,297655.9,35653.7,0.0064623468,0.0067836195,2.8282404e-06,0.9522429
354.0,60031316.0,95726.984,298316.78,35653.45,0.0063878708,0.0067575723,2.7686358e-06,0.9449036
355.0,60030710.0,95691.62,298975.1,35653.246,0.0063152425,0.006732106,2.7090312e-06,0.9377009
356.0,60030116.0,95652.04,299630.72,35653.117,0.0062444024,0.0067072064,2.6494265e-06,0.93063134
357.0,60029530.0,95608.36,300283.78,35653.055,0.00617541,0.006682873,2.5957822e-06,0.9237064
358.0,60028948.0,95560.71,300934.25,35653.047,0.0061081164,0.0066591054,2.539158e-06,0.91690814
359.0,60028372.0,95509.17,301582.03,35653.11,0.0060425214,0.0066359043,2.4855137e-06,0.910239
360.0,60027804.0,95453.84,302227.3,35653.24,0.005978655,0.0066132694,2.4318695e-06,0.90370697
361.0,60027244.0,95394.83,302869.94,35653.43,0.005916428,0.006591201,2.3812056e-06,0.89730096
362.0,60026690.0,95332.164,303510.0,35653.695,0.0058558695,0.0065696836,2.3305417e-06,0.89103115
363.0,60026136.0,95266.04,304147.4,35654.023,0.0057969205,0.0065487474,2.2828578e-06,0.88488686
364.0,60025590.0,95196.46,304782.25,35654.418,0.005739551,0.0065283477,2.2351742e-06,0.8788727
365.0,60025052.0,95123.53,305414.47,35654.895,0.0056837313,0.006508529,2.1874905e-06,0.8729809
366.0,60024520.0,95047.36,306044.16,35655.453,0.0056294315,0.006489247,2.142787e-06,0.8672151
367.0,60023990.0,94968.0,306671.22,35656.055,0.0055766217,0.006470546,2.0980835e-06,0.86156774
368.0,60023470.0,94885.57,307295.72,35656.74,0.0055253617,0.0064523816,2.05338e-06,0.8560566
369.0,60022956.0,94800.12,307917.7,35657.5,0.0054755025,0.0064347684,2.0116568e-06,0.8506586
370.0,60022444.0,94711.766,308537.03,35658.332,0.0054270737,0.0064177215,1.9699335e-06,0.84537923
371.0,60021936.0,94620.51,309153.75,35659.246,0.0053800456,0.006401211,1.9311906e-06,0.8402196
372.0,60021436.0,94526.52,309767.97,35660.223,0.0053343885,0.006385252,1.8924475e-06,0.8351758
373.0,60020940.0,94429.78,310379.53,35661.277,0.0052900724,0.006369829,1.8537045e-06,0.8302473
374.0,60020450.0,94330.45,310988.6,35662.406,0.0052471273,0.0063549727,1.8149615e-06,0.8254369
375.0,60019960.0,94228.49,311595.1,35663.61,0.0052054636,0.0063406527,1.7791987e-06,0.8207362
376.0,60019476.0,94124.11,312198.94,35664.883,0.0051650815,0.006326869,1.7434359e-06,0.8161475
377.0,60019000.0,94017.266,312800.3,35666.246,0.005125951,0.006313637,1.707673e-06,0.8116661
378.0,60018524.0,93908.07,313399.03,35667.664,0.0050880425,0.006300941,1.6719104e-06,0.807291
379.0,60018056.0,93796.57,313995.16,35669.168,0.0050513856,0.0062887818,1.6391277e-06,0.8030282
380.0,60017588.0,93682.86,314588.78,35670.75,0.005015921,0.006277159,1.6063452e-06,0.79887056
381.0,60017130.0,93566.984,315179.8,35672.4,0.0049816184,0.0062660724,1.5735626e-06,0.7948149
382.0,60016668.0,93448.97,315768.25,35674.113,0.004948478,0.0062555373,1.5437603e-06,0.79086053
383.0,60016216.0,93328.95,316354.1,35675.918,0.0049164705,0.0062455237,1.513958e-06,0.7870083
384.0,60015764.0,93206.94,316937.38,35677.793,0.0048855655,0.0062360317,1.4841556e-06,0.78325504
385.0,60015316.0,93082.98,317518.16,35679.734,0.0048557334,0.006227091,1.4543533e-06,0.7795935
386.0,60014870.0,92957.17,318096.22,35681.754,0.004826974,0.006218672,1.424551e-06,0.7760289
387.0,60014430.0,92829.52,318671.75,35683.844,0.0047993176,0.006210789,1.397729e-06,0.7725649
388.0,60013996.0,92700.15,319244.75,35686.0,0.0047726445,0.006203428,1.3709068e-06,0.769186
389.0,60013564.0,92569.04,319815.1,35688.234,0.0047469847,0.006196603,1.3440848e-06,0.7658963
390.0,60013132.0,92436.3,320382.88,35690.543,0.0047223084,0.0061903,1.3172627e-06,0.7626938
391.0,60012708.0,92301.945,320947.97,35692.918,0.004698675,0.0061845332,1.2934208e-06,0.7595872
392.0,60012284.0,92166.05,321510.53,35695.367,0.004675906,0.006179273,1.2665987e-06,0.75655305
393.0,60011860.0,92028.61,322070.53,35697.875,0.0046541207,0.0061745495,1.2427569e-06,0.75360703
394.0,60011444.0,91889.75,322627.88,35700.465,0.004633259,0.0061703473,1.218915e-06,0.7507428
395.0,60011028.0,91749.5,323182.56,35703.105,0.0046132915,0.0061666816,1.1950732e-06,0.74795455
396.0,60010616.0,91607.88,323734.62,35705.832,0.004594248,0.0061635375,1.1742115e-06,0.7452494
397.0,60010210.0,91464.92,324284.06,35708.62,0.0045760386,0.0061609,1.1503697e-06,0.74261624
398.0,60009800.0,91320.75,324830.94,35711.473,0.0045586936,0.006158784,1.1295081e-06,0.740058
399.0,60009396.0,91175.32,325375.12,35714.39,0.004542183,0.0061572045,1.1086464e-06,0.73756933
400.0,60008990.0,91028.73,325916.62,35717.367,0.004526507,0.0061561465,1.0877848e-06,0.73515266
401.0,60008596.0,90880.97,326455.5,35720.418,0.0045116358,0.006155595,1.0669231e-06,0.7328055
402.0,60008196.0,90732.164,326991.75,35723.527,0.004497569,0.0061555803,1.0460616e-06,0.73052496
