S,I,R,D
999.000000,1.000000,0.000000,0.000000
998.900100,1.036900,0.060000,0.003000
998.796524,1.075151,0.122214,0.006111
998.689138,1.114802,0.186723,0.009336
998.577804,1.155904,0.253611,0.012681
998.462378,1.198508,0.322965,0.016148
998.342712,1.242669,0.394876,0.019744
998.218651,1.288441,0.469436,0.023472
998.090036,1.335884,0.546743,0.027337
997.956703,1.385057,0.626896,0.031345
997.818480,1.436021,0.709999,0.035500
997.675191,1.488840,0.796160,0.039808
997.526653,1.543581,0.885491,0.044275
997.372677,1.600312,0.978106,0.048905
997.213066,1.659103,1.074124,0.053706
997.047618,1.720028,1.173670,0.058684
996.876124,1.783161,1.276872,0.063844
996.698364,1.848581,1.383862,0.069193
996.514117,1.916368,1.494777,0.074739
996.323148,1.986605,1.609759,0.080488
996.125218,2.059379,1.728955,0.086448
995.920078,2.134778,1.852518,0.092626
995.707471,2.212894,1.980604,0.099030
995.487132,2.293821,2.113378,0.105669
995.258785,2.377658,2.251007,0.112550
995.022146,2.464504,2.393667,0.119683
994.776922,2.554464,2.541537,0.127077
994.522810,2.647645,2.694805,0.134740
994.259496,2.744157,2.853664,0.142683
993.986656,2.844116,3.018313,0.150916
993.703954,2.947638,3.188960,0.159448
993.411046,3.054844,3.365818,0.168291
993.107575,3.165861,3.549109,0.177455
992.793171,3.280816,3.739061,0.186953
992.467454,3.399841,3.935909,0.196795
992.130030,3.523075,4.139900,0.206995
991.780496,3.650656,4.351284,0.217564
991.418431,3.782729,4.570324,0.228516
991.043404,3.919444,4.797288,0.239864
990.654970,4.060953,5.032454,0.251623
990.252670,4.207413,5.276111,0.263806
989.836029,4.358987,5.528556,0.276428
989.404561,4.515839,5.790095,0.289505
988.957762,4.678140,6.061046,0.303052
988.495114,4.846065,6.341734,0.317087
988.016083,5.019795,6.632498,0.331625
987.520119,5.199511,6.933686,0.346684
987.006657,5.385404,7.245656,0.362283
986.475114,5.577667,7.568781,0.378439
985.924891,5.776497,7.903441,0.395172
985.355371,5.982097,8.250030,0.412502
984.765922,6.194674,8.608956,0.430448
984.155892,6.414439,8.980637,0.449032
983.524611,6.641611,9.365503,0.468275
982.871392,6.876408,9.764000,0.488200
982.195530,7.119057,10.176584,0.508829
981.496299,7.369787,10.603728,0.530186
980.772958,7.628832,11.045915,0.552296
980.024742,7.896431,11.503645,0.575182
979.250873,8.172825,11.977431,0.598872
978.450548,8.458262,12.467800,0.623390
977.622949,8.752991,12.975296,0.648765
976.767236,9.057265,13.500475,0.675024
975.882552,9.371341,14.043911,0.702196
974.968020,9.695479,14.606192,0.730310
974.022741,10.029942,15.187920,0.759396
973.045802,10.374995,15.789717,0.789486
972.036268,10.730905,16.412217,0.820611
970.993185,11.097941,17.056071,0.852804
969.915582,11.476373,17.721947,0.886097
968.802471,11.866473,18.410530,0.920526
967.652844,12.268512,19.122518,0.956126
966.465678,12.682762,19.858629,0.992931
965.239933,13.109493,20.619594,1.030980
963.974552,13.548976,21.406164,1.070308
962.668465,14.001477,22.219103,1.110955
961.320587,14.467262,23.059191,1.152960
959.929820,14.946592,23.927227,1.196361
958.495052,15.439725,24.824022,1.241201
957.015162,15.946912,25.750406,1.287520
955.489018,16.468400,26.707221,1.335361
953.915481,17.004429,27.695325,1.384766
952.293402,17.555228,28.715590,1.435780
950.621629,18.121022,29.768904,1.488445
948.899005,18.702021,30.856165,1.542808
947.124373,19.298427,31.978287,1.598914
945.296572,19.910427,33.136192,1.656810
943.414446,20.538196,34.330818,1.716541
941.476843,21.181892,35.563110,1.778155
939.482617,21.841659,36.834023,1.841701
937.430631,22.517621,38.144523,1.907226
935.319760,23.209881,39.495580,1.974779
933.148894,23.918525,40.888173,2.044409
930.916939,24.643612,42.323284,2.116164
928.622824,25.385180,43.801901,2.190095
926.265498,26.143240,45.325012,2.266251
923.843940,26.917774,46.893606,2.344680
921.357158,27.708736,48.508673,2.425434
918.804194,28.516050,50.171197,2.508560
916.184127,29.339605,51.882160,2.594108
913.496079,30.179258,53.642536,2.682127
910.739215,31.034828,55.453292,2.772665
907.912752,31.906098,57.315381,2.865769
905.015957,32.792809,59.229747,2.961487
902.048155,33.694664,61.197316,3.059866
899.008734,34.611321,63.218995,3.160950
895.897146,35.542395,65.295675,3.264784
892.712913,36.487458,67.428218,3.371411
889.455631,37.446030,69.617466,3.480873
886.124972,38.417589,71.864228,3.593211
882.720694,39.401559,74.169283,3.708464
879.242637,40.397318,76.533377,3.826669
875.690732,41.404191,78.957216,3.947861
872.065006,42.421454,81.441467,4.072073
868.365579,43.448329,83.986754,4.199338
864.592676,44.483987,86.593654,4.329683
860.746623,45.527549,89.262693,4.463135
856.827855,46.578082,91.994346,4.599717
852.836915,47.634603,94.789031,4.739452
848.774460,48.696077,97.647107,4.882355
844.641261,49.761423,100.568872,5.028444
840.438206,50.829509,103.554557,5.177728
836.166300,51.899156,106.604328,5.330216
831.826668,52.969141,109.718277,5.485914
827.420553,54.038200,112.896426,5.644821
822.949321,55.105025,116.138718,5.806936
818.414457,56.168273,119.445019,5.972251
813.817564,57.226564,122.815116,6.140756
809.160366,58.278489,126.248709,6.312435
804.444702,59.322609,129.745419,6.487271
799.672526,60.357460,133.304775,6.665239
794.845906,61.381560,136.926223,6.846311
789.967017,62.393410,140.609116,7.030456
785.038144,63.391499,144.352721,7.217636
780.061669,64.374309,148.156211,7.407811
775.040076,65.340321,152.018670,7.600933
769.975940,66.288017,155.939089,7.796954
764.871922,67.215890,159.916370,7.995818
759.730767,68.122444,163.949323,8.197466
754.555295,69.006201,168.036670,8.401833
749.348396,69.865710,172.177042,8.608852
744.113020,70.699546,176.368985,8.818449
738.852175,71.506320,180.610957,9.030548
733.568915,72.284682,184.901336,9.245067
728.266335,73.033326,189.238417,9.461921
722.947564,73.750998,193.620417,9.681021
717.615754,74.436496,198.045477,9.902274
712.274073,75.088677,202.511667,10.125583
706.925702,75.706462,207.016987,10.350849
701.573817,76.288839,211.559375,10.577969
696.221592,76.834867,216.136705,10.806835
690.872183,77.343680,220.746797,11.037340
685.528723,77.814488,225.387418,11.269371
680.194316,78.246582,230.056287,11.502814
674.872028,78.639335,234.751082,11.737554
669.564880,78.992206,239.469442,11.973472
664.275839,79.304738,244.208975,12.210449
659.007817,79.576561,248.967259,12.448363
653.763659,79.807395,253.741853,12.687093
648.546142,79.997047,258.530296,12.926515
643.357964,80.145411,263.330119,13.166506
638.201745,80.252469,268.138844,13.406942
633.080019,80.318290,272.953992,13.647700
627.995228,80.343028,277.773089,13.888654
622.949724,80.326921,282.593671,14.129684
617.945761,80.270288,287.413286,14.370664
612.985493,80.173529,292.229504,14.611475
608.070972,80.037117,297.039915,14.851996
603.204147,79.861604,301.842142,15.092107
598.386862,79.647608,306.633839,15.331692
593.620854,79.395817,311.412695,15.570635
588.907752,79.106981,316.176444,15.808822
584.249081,78.781913,320.922863,16.046143
579.646255,78.421478,325.649778,16.282489
575.100583,78.026597,330.355066,16.517753
570.613269,77.598235,335.036662,16.751833
566.185411,77.137405,339.692556,16.984628
561.818004,76.645156,344.320801,17.216040
557.511941,76.122574,348.919510,17.445975
553.268016,75.570776,353.486864,17.674343
549.086927,74.990906,358.021111,17.901056
544.969274,74.384132,362.520565,18.126028
540.915568,73.751638,366.983613,18.349181
536.926227,73.094626,371.408712,18.570436
533.001585,72.414307,375.794389,18.789719
529.141891,71.711899,380.139248,19.006962
525.347314,70.988627,384.441961,19.222098
521.617945,70.245712,388.701279,19.435064
517.953803,69.484374,392.916022,19.645801
514.354833,68.705828,397.085084,19.854254
510.820916,67.911279,401.207434,20.060372
507.351866,67.101918,405.282111,20.264106
503.947437,66.278926,409.308226,20.465411
500.607328,65.443463,413.284961,20.664248
497.331180,64.596672,417.211569,20.860578
494.118586,63.739676,421.087369,21.054368
490.969090,62.873572,424.911750,21.245587
487.882192,61.999435,428.684164,21.434208
484.857350,61.118313,432.404130,21.620207
481.893984,60.231225,436.071229,21.803561
478.991477,59.339165,439.685103,21.984255
476.149182,58.443093,443.245453,22.162273
473.366419,57.543941,446.752038,22.337602
470.642482,56.642610,450.204675,22.510234
467.976640,55.739967,453.603231,22.680162
465.368140,54.836849,456.947629,22.847381
462.816208,53.934060,460.237840,23.011892
460.320052,53.032370,463.473884,23.173694
457.878865,52.132517,466.655826,23.332791
455.491828,51.235206,469.783777,23.489189
453.158106,50.341110,472.857889,23.642894
450.876858,49.450868,475.878356,23.793918
448.647232,48.565089,478.845408,23.942270
446.468373,47.684348,481.759314,24.087966
444.339418,46.809189,484.620374,24.231019
442.259501,45.940127,487.428926,24.371446
440.227755,45.077645,490.185333,24.509267
438.243312,44.222196,492.889992,24.644500
436.305304,43.374206,495.543324,24.777166
434.412865,42.534071,498.145776,24.907289
432.565130,41.702159,500.697820,25.034891
430.761240,40.878813,503.199950,25.159997
429.000339,40.064348,505.652679,25.282634
427.281577,39.259056,508.056540,25.402827
425.604110,38.463203,510.412083,25.520604
423.967100,37.677031,512.719875,25.635994
422.369718,36.900760,514.980497,25.749025
420.811142,36.134589,517.194543,25.859727
419.290558,35.378693,519.362618,25.968131
417.807163,34.633231,521.485339,26.074267
416.360162,33.898338,523.563333,26.178167
414.948770,33.174135,525.597234,26.279862
413.572213,32.460721,527.587682,26.379384
412.229728,31.758181,529.535325,26.476766
410.920561,31.066582,531.440816,26.572041
409.643972,30.385977,533.304811,26.665241
408.399228,29.716404,535.127969,26.756398
407.185613,29.057886,536.910954,26.845548
406.002417,28.410434,538.654427,26.932721
404.848947,27.774048,540.359053,27.017953
403.724518,27.148712,542.025496,27.101275
402.628457,26.534403,543.654418,27.182721
401.560107,25.931086,545.246483,27.262324
400.518818,25.338717,546.802348,27.340117
399.503955,24.757241,548.322671,27.416134
398.514893,24.186596,549.808105,27.490405
397.551021,23.626713,551.259301,27.562965
396.611739,23.077512,552.676904,27.633845
395.696458,22.538910,554.061555,27.703078
394.804601,22.010816,555.413889,27.770694
393.935604,21.493131,556.734538,27.836727
393.088913,20.985755,558.024126,27.901206
392.263986,20.488579,559.283271,27.964164
391.460293,20.001492,560.512586,28.025629
390.677314,19.524377,561.712676,28.085634
389.914541,19.057114,562.884138,28.144207
389.171476,18.599581,564.027565,28.201378
388.447633,18.151650,565.143540,28.257177
387.742537,17.713192,566.232639,28.311632
387.055721,17.284077,567.295430,28.364772
386.386731,16.864170,568.332475,28.416624
385.735122,16.453337,569.344325,28.467216
385.100459,16.051439,570.331525,28.516576
384.482317,15.658340,571.294612,28.564731
383.880282,15.273900,572.234112,28.611706
383.293947,14.897980,573.150546,28.657527
382.722916,14.530437,574.044425,28.702221
382.166803,14.171133,574.916251,28.745813
381.625229,13.819925,575.766519,28.788326
381.097826,13.476673,576.595715,28.829786
380.584233,13.141236,577.404315,28.870216
380.084098,12.813473,578.192789,28.909639
379.597079,12.493244,578.961598,28.948080
379.122839,12.180409,579.711192,28.985560
378.661052,11.874831,580.442017,29.022101
378.211398,11.576370,581.154507,29.057725
377.773567,11.284890,581.849089,29.092454
377.347253,11.000255,582.526182,29.126309
376.932162,10.722331,583.186198,29.159310
376.528003,10.450983,583.829537,29.191477
376.134494,10.186080,584.456596,29.222830
375.751360,9.927491,585.067761,29.253388
375.378333,9.675085,585.663411,29.283171
375.015152,9.428737,586.243916,29.312196
374.661560,9.188318,586.809640,29.340482
374.317309,8.953705,587.360939,29.368047
373.982156,8.724774,587.898161,29.394908
373.655865,8.501405,588.421648,29.421082
373.338205,8.283476,588.931732,29.446587
373.028951,8.070871,589.428741,29.471437
372.727884,7.863473,589.912993,29.495650
372.434791,7.661168,590.384801,29.519240
372.149462,7.463843,590.844471,29.542224
371.871696,7.271387,591.292302,29.564615
371.601294,7.083692,591.728585,29.586429
371.338063,6.900650,592.153607,29.607680
371.081815,6.722157,592.567646,29.628382
370.832368,6.548108,592.970975,29.648549
370.589543,6.378402,593.363862,29.668193
370.353166,6.212940,593.746566,29.687328
370.123068,6.051623,594.119342,29.705967
369.899084,5.894355,594.482440,29.724122
369.681052,5.741042,594.836101,29.741805
369.468816,5.591592,595.180563,29.759028
369.262225,5.445914,595.516059,29.775803
369.061128,5.303918,595.842814,29.792141
368.865381,5.165518,596.161049,29.808052
368.674842,5.030629,596.470980,29.823549
368.489376,4.899166,596.772818,29.838641
368.308847,4.771047,597.066768,29.853338
368.133125,4.646193,597.353030,29.867652
367.962083,4.524525,597.631802,29.881590
367.795598,4.405965,597.903273,29.895164
367.633548,4.290439,598.167631,29.908382
367.475817,4.177872,598.425058,29.921253
367.322291,4.068193,598.675730,29.933787
367.172857,3.961330,598.919822,29.945991
367.027408,3.857216,599.157501,29.957875
366.885837,3.755782,599.388934,29.969447
366.748043,3.656962,599.614281,29.980714
366.613924,3.560692,599.833699,29.991685
366.483385,3.466908,600.047340,30.002367
366.356328,3.375549,600.255355,30.012768
366.232663,3.286555,600.457888,30.022894
366.112298,3.199866,600.655081,30.032754
365.995147,3.115426,600.847073,30.042354
365.881124,3.033177,601.033999,30.051700
365.770146,2.953065,601.215989,30.060799
365.662132,2.875036,601.393173,30.069659
365.557003,2.799038,601.565675,30.078284
365.454682,2.725020,601.733618,30.086681
365.355095,2.652930,601.897119,30.094856
365.258168,2.582722,602.056295,30.102815
365.163832,2.514347,602.211258,30.110563
365.072018,2.447758,602.362119,30.118106
364.982657,2.382910,602.508984,30.125449
364.895685,2.319758,602.651959,30.132598
364.811038,2.258261,602.791144,30.139557
364.728654,2.198374,602.926640,30.146332
364.648473,2.140057,603.058542,30.152927
364.570436,2.083271,603.186946,30.159347
364.494486,2.027975,603.311942,30.165597
364.420568,1.974131,603.433621,30.171681
364.348626,1.921702,603.552068,30.177603
364.278609,1.870652,603.667371,30.183369
364.210465,1.820944,603.779610,30.188980
364.144145,1.772546,603.888866,30.194443
364.079599,1.725421,603.995219,30.199761
364.016779,1.679539,604.098744,30.204937
363.955641,1.634866,604.199517,30.209976
363.896140,1.591371,604.297609,30.214880
363.838230,1.549024,604.393091,30.219655
363.781871,1.507795,604.486032,30.224302
363.727020,1.467655,604.576500,30.228825
363.673637,1.428575,604.664559,30.233228
363.621684,1.390529,604.750274,30.237514
363.571121,1.353488,604.833706,30.241685
363.521912,1.317427,604.914915,30.245746
363.474021,1.282321,604.993961,30.249698
363.427412,1.248143,605.070900,30.253545
363.382051,1.214871,605.145788,30.257289
363.337905,1.182481,605.218681,30.260934
363.294941,1.150948,605.289629,30.264481
363.253127,1.120252,605.358686,30.267934
363.212434,1.090370,605.425902,30.271295
363.172830,1.061280,605.491324,30.274566
