day,S,I,R,D,beta_const,gamma_const,mu_const,R0_const
0.0,99915.66,0.0,0.0,0.0,0.09998715285938392,0.0599483748111822,0.0030433785105691835,1.587305442169012
1.0,99839.3,0.0,0.0,4.198e-42,0.09998715285938392,0.0599483748111822,0.0030433785105691835,1.587305442169012
2.0,99843.04,0.0,0.0,8.3177025e-21,0.09998715285938392,0.0599483748111822,0.0030433785105691835,1.587305442169012
3.0,99840.2,0.0,0.0,9.90822e-09,0.09998715285938392,0.0599483748111822,0.0030433785105691835,1.587305442169012
4.0,99838.59,4.590571e-06,0.0,0.00084196957,0.09998715285938392,0.0599483748111822,0.0030433785105691835,1.587305442169012
5.0,99834.43,31.613281,0.0,0.113993615,0.09998715285938392,0.0599483748111822,0.0030433785105691835,1.587305442169012
6.0,99827.27,57.684082,4.670521e-31,0.7818123,0.09998715285938392,0.0599483748111822,0.0030433785105691835,1.587305442169012
7.0,99818.41,75.79077,2.624802e-12,1.4617443,0.09998715285938392,0.0599483748111822,0.0030433785105691835,1.587305442169012
8.0,99808.195,89.74658,0.27757984,1.8916129,0.09998715285938392,0.0599483748111822,0.0030433785105691835,1.587305442169012
9.0,99796.54,101.46289,16.128906,2.2687387,0.09998715285938392,0.0599483748111822,0.0030433785105691835,1.587305442169012
10.0,99783.47,111.980225,29.838867,2.7201142,0.09998715285938392,0.0599483748111822,0.0030433785105691835,1.587305442169012
11.0,99769.18,121.8562,42.08008,3.2715654,0.09998715285938392,0.0599483748111822,0.0030433785105691835,1.587305442169012
12.0,99753.98,131.37012,53.6875,3.8975153,0.09998715285938392,0.0599483748111822,0.0030433785105691835,1.587305442169012
13.0,99738.08,140.64502,64.98926,4.5602884,0.09998715285938392,0.0599483748111822,0.0030433785105691835,1.587305442169012
14.0,99721.65,149.73657,76.13574,5.2295523,0.09998715285938392,0.0599483748111822,0.0030433785105691835,1.587305442169012
15.0,99704.72,158.66772,87.26074,5.888578,0.09998715285938392,0.0599483748111822,0.0030433785105691835,1.587305442169012
16.0,99687.28,167.46533,98.48828,6.531152,0.09998715285938392,0.0599483748111822,0.0030433785105691835,1.587305442169012
17.0,99669.27,176.16113,109.94824,7.159195,0.09998715285938392,0.0599483748111822,0.0030433785105691835,1.587305442169012
18.0,99650.59,184.79321,121.76367,7.7783117,0.09998715285938392,0.0599483748111822,0.0030433785105691835,1.587305442169012
19.0,99631.18,193.40894,134.04199,8.395886,0.09998715285938392,0.0599483748111822,0.0030433785105691835,1.587305442169012
20.0,99610.95,202.05762,146.86133,9.019347,0.09998715285938392,0.0599483748111822,0.0030433785105691835,1.587305442169012
21.0,99589.84,210.79224,160.28027,9.655093,0.09998715285938392,0.0599483748111822,0.0030433785105691835,1.587305442169012
22.0,99567.81,219.65869,174.3418,10.308566,0.09998715285938392,0.0599483748111822,0.0030433785105691835,1.587305442169012
23.0,99544.81,228.70435,189.0586,10.98369,0.09998715285938392,0.0599483748111822,0.0030433785105691835,1.587305442169012
24.0,99520.82,237.96875,204.44238,11.683755,0.09998715285938392,0.0599483748111822,0.0030433785105691835,1.587305442169012
25.0,99495.81,247.49048,220.49219,12.410679,0.09998715285938392,0.0599483748111822,0.0030433785105691835,1.587305442169012
26.0,99469.78,257.29907,237.19531,13.165651,0.09998715285938392,0.0599483748111822,0.0030433785105691835,1.587305442169012
27.0,99442.71,267.42407,254.54102,13.949616,0.09998715285938392,0.0599483748111822,0.0030433785105691835,1.587305442169012
28.0,99414.586,277.89087,272.52344,14.763184,0.09998715285938392,0.0599483748111822,0.0030433785105691835,1.587305442169012
29.0,99385.39,288.7202,291.13086,15.606659,0.09998715285938392,0.0599483748111822,0.0030433785105691835,1.587305442169012
30.0,99355.11,299.9314,310.3584,16.48056,0.09998715285938392,0.0599483748111822,0.0030433785105691835,1.587305442169012
31.0,99323.73,311.54297,330.2002,17.38498,0.09998715285938392,0.0599483748111822,0.0030433785105691835,1.587305442169012
32.0,99291.23,323.56738,350.6631,18.3208,0.09998715285938392,0.0599483748111822,0.0030433785105691835,1.587305442169012
33.0,99257.57,336.021,371.74805,19.288239,0.09998715285938392,0.0599483748111822,0.0030433785105691835,1.587305442169012
34.0,99222.75,348.91797,393.46875,20.288147,0.09998715285938392,0.0599483748111822,0.0030433785105691835,1.587305442169012
35.0,99186.72,362.26807,415.8369,21.32132,0.09998715285938392,0.0599483748111822,0.0030433785105691835,1.587305442169012
36.0,99149.45,376.08716,438.86914,22.38913,0.09998715285938392,0.0599483748111822,0.0030433785105691835,1.587305442169012
37.0,99110.91,390.3833,462.59277,23.492676,0.09998715285938392,0.0599483748111822,0.0030433785105691835,1.587305442169012
38.0,99071.05,405.1714,487.03027,24.6333,0.09998715285938392,0.0599483748111822,0.0030433785105691835,1.587305442169012
39.0,99029.836,420.46216,512.208,25.812622,0.09998715285938392,0.0599483748111822,0.0030433785105691835,1.587305442169012
40.0,98987.22,436.26733,538.16504,27.032532,0.09998715285938392,0.0599483748111822,0.0030433785105691835,1.587305442169012
41.0,98943.16,452.59888,564.92676,28.294525,0.09998715285938392,0.0599483748111822,0.0030433785105691835,1.587305442169012
42.0,98897.59,469.47095,592.5371,29.600739,0.09998715285938392,0.0599483748111822,0.0030433785105691835,1.587305442169012
43.0,98850.48,486.89404,621.0303,30.953217,0.09998715285938392,0.0599483748111822,0.0030433785105691835,1.587305442169012
44.0,98801.75,504.88574,650.45215,32.35428,0.09998715285938392,0.0599483748111822,0.0030433785105691835,1.587305442169012
45.0,98751.36,523.4568,680.8428,33.80603,0.09998715285938392,0.0599483748111822,0.0030433785105691835,1.587305442169012
46.0,98699.24,542.6223,712.24805,35.310944,0.09998715285938392,0.0599483748111822,0.0030433785105691835,1.587305442169012
47.0,98645.34,562.3994,744.7178,36.871338,0.09998715285938392,0.0599483748111822,0.0030433785105691835,1.587305442169012
48.0,98589.59,582.8037,778.29785,38.48996,0.09998715285938392,0.0599483748111822,0.0030433785105691835,1.587305442169012
49.0,98531.92,603.8518,813.03906,40.16931,0.09998715285938392,0.0599483748111822,0.0030433785105691835,1.587305442169012
50.0,98472.27,625.5613,848.9922,41.91205,0.09998715285938392,0.0599483748111822,0.0030433785105691835,1.587305442169012
51.0,98410.56,647.9529,886.21094,43.72107,0.09998715285938392,0.0599483748111822,0.0030433785105691835,1.587305442169012
52.0,98346.73,671.0432,924.75,45.599,0.09998715285938392,0.0599483748111822,0.0030433785105691835,1.587305442169012
53.0,98280.68,694.85474,964.6631,47.54895,0.09998715285938392,0.0599483748111822,0.0030433785105691835,1.587305442169012
54.0,98212.37,719.40894,1006.0088,49.573578,0.09998715285938392,0.0599483748111822,0.0030433785105691835,1.587305442169012
55.0,98141.68,744.7285,1048.8472,51.676086,0.09998715285938392,0.0599483748111822,0.0030433785105691835,1.587305442169012
56.0,98068.56,770.8362,1093.2344,53.859406,0.09998715285938392,0.0599483748111822,0.0030433785105691835,1.587305442169012
57.0,97992.92,797.7571,1139.2285,56.126617,0.09998715285938392,0.0599483748111822,0.0030433785105691835,1.587305442169012
58.0,97914.664,825.51733,1186.8926,58.480774,0.09998715285938392,0.0599483748111822,0.0030433785105691835,1.587305442169012
59.0,97833.72,854.1426,1236.2891,60.92514,0.09998715285938392,0.0599483748111822,0.0030433785105691835,1.587305442169012
60.0,97749.984,883.6616,1287.48,63.463104,0.09998715285938392,0.0599483748111822,0.0030433785105691835,1.587305442169012
61.0,97663.37,914.1028,1340.5342,66.09781,0.09998715285938392,0.0599483748111822,0.0030433785105691835,1.587305442169012
62.0,97573.77,945.4966,1395.5142,68.83267,0.09998715285938392,0.0599483748111822,0.0030433785105691835,1.587305442169012
63.0,97481.12,977.8723,1452.4863,71.67093,0.09998715285938392,0.0599483748111822,0.0030433785105691835,1.587305442169012
64.0,97385.29,1011.2634,1511.5166,74.61609,0.09998715285938392,0.0599483748111822,0.0030433785105691835,1.587305442169012
65.0,97286.19,1045.7014,1572.6743,77.67142,0.09998715285938392,0.0599483748111822,0.0030433785105691835,1.587305442169012
66.0,97183.72,1081.22,1636.0332,80.84064,0.09998715285938392,0.0599483748111822,0.0030433785105691835,1.587305442169012
67.0,97077.77,1117.8542,1701.6602,84.12735,0.09998715285938392,0.0599483748111822,0.0030433785105691835,1.587305442169012
68.0,96968.24,1155.6389,1769.6255,87.53482,0.09998715285938392,0.0599483748111822,0.0030433785105691835,1.587305442169012
69.0,96855.02,1194.6094,1840.0078,91.06708,0.09998715285938392,0.0599483748111822,0.0030433785105691835,1.587305442169012
70.0,96737.99,1234.802,1912.875,94.72754,0.09998715285938392,0.0599483748111822,0.0030433785105691835,1.587305442169012
71.0,96617.055,1276.2539,1988.3076,98.51999,0.09998715285938392,0.0599483748111822,0.0030433785105691835,1.587305442169012
72.0,96492.086,1318.9995,2066.377,102.44815,0.09998715285938392,0.0599483748111822,0.0030433785105691835,1.587305442169012
73.0,96362.97,1363.0793,2147.1606,106.5159,0.09998715285938392,0.0599483748111822,0.0030433785105691835,1.587305442169012
74.0,96229.59,1408.527,2230.7432,110.72711,0.09998715285938392,0.0599483748111822,0.0030433785105691835,1.587305442169012
75.0,96091.84,1455.3807,2317.1987,115.08563,0.09998715285938392,0.0599483748111822,0.0030433785105691835,1.587305442169012
76.0,95949.59,1503.6763,2406.6064,119.59515,0.09998715285938392,0.0599483748111822,0.0030433785105691835,1.587305442169012
77.0,95802.73,1553.4493,2499.0493,124.25998,0.09998715285938392,0.0599483748111822,0.0030433785105691835,1.587305442169012
78.0,95651.12,1604.733,2594.6143,129.08417,0.09998715285938392,0.0599483748111822,0.0030433785105691835,1.587305442169012
79.0,95494.66,1657.5632,2693.378,134.07132,0.09998715285938392,0.0599483748111822,0.0030433785105691835,1.587305442169012
80.0,95333.22,1711.9695,2795.4302,139.22595,0.09998715285938392,0.0599483748111822,0.0030433785105691835,1.587305442169012
81.0,95166.67,1767.9838,2900.854,144.55182,0.09998715285938392,0.0599483748111822,0.0030433785105691835,1.587305442169012
82.0,94994.914,1825.6337,3009.7388,150.0535,0.09998715285938392,0.0599483748111822,0.0030433785105691835,1.587305442169012
83.0,94817.81,1884.9471,3122.1694,155.73471,0.09998715285938392,0.0599483748111822,0.0030433785105691835,1.587305442169012
84.0,94635.24,1945.9459,3238.2358,161.59998,0.09998715285938392,0.0599483748111822,0.0030433785105691835,1.587305442169012
85.0,94447.11,2008.6523,3358.0312,167.65356,0.09998715285938392,0.0599483748111822,0.0030433785105691835,1.587305442169012
86.0,94253.27,2073.086,3481.6372,173.89948,0.09998715285938392,0.0599483748111822,0.0030433785105691835,1.587305442169012
87.0,94053.63,2139.2612,3609.1533,180.3422,0.09998715285938392,0.0599483748111822,0.0030433785105691835,1.587305442169012
88.0,93848.06,2207.1882,3740.667,186.98611,0.09998715285938392,0.0599483748111822,0.0030433785105691835,1.587305442169012
89.0,93636.48,2276.877,3876.271,193.83517,0.09998715285938392,0.0599483748111822,0.0030433785105691835,1.587305442169012
90.0,93418.74,2348.3303,4016.058,200.89417,0.09998715285938392,0.0599483748111822,0.0030433785105691835,1.587305442169012
91.0,93194.766,2421.5493,4160.126,208.16736,0.09998715285938392,0.0599483748111822,0.0030433785105691835,1.587305442169012
92.0,92964.45,2496.5293,4308.565,215.65901,0.09998715285938392,0.0599483748111822,0.0030433785105691835,1.587305442169012
93.0,92727.69,2573.2617,4461.472,223.37364,0.09998715285938392,0.0599483748111822,0.0030433785105691835,1.587305442169012
94.0,92484.4,2651.7324,4618.937,231.31538,0.09998715285938392,0.0599483748111822,0.0030433785105691835,1.587305442169012
95.0,92234.484,2731.9258,4781.0576,239.48895,0.09998715285938392,0.0599483748111822,0.0030433785105691835,1.587305442169012
96.0,91977.86,2813.816,4947.9297,247.8984,0.09998715285938392,0.0599483748111822,0.0030433785105691835,1.587305442169012
97.0,91714.45,2897.3796,5119.6436,256.54816,0.09998715285938392,0.0599483748111822,0.0030433785105691835,1.587305442169012
98.0,91444.18,2982.581,5296.2993,265.44293,0.09998715285938392,0.0599483748111822,0.0030433785105691835,1.587305442169012
99.0,91166.98,3069.3867,5477.985,274.5866,0.09998715285938392,0.0599483748111822,0.0030433785105691835,1.587305442169012
100.0,90882.79,3157.7534,5664.7935,283.98352,0.09998715285938392,0.0599483748111822,0.0030433785105691835,1.587305442169012
101.0,90591.54,3247.636,5856.8228,293.6382,0.09998715285938392,0.0599483748111822,0.0030433785105691835,1.587305442169012
102.0,90293.19,3338.9849,6054.157,303.55463,0.09998715285938392,0.0599483748111822,0.0030433785105691835,1.587305442169012
103.0,89987.69,3431.7446,6256.89,313.7371,0.09998715285938392,0.0599483748111822,0.0030433785105691835,1.587305442169012
104.0,89675.0,3525.8577,6465.1064,324.1895,0.09998715285938392,0.0599483748111822,0.0030433785105691835,1.587305442169012
105.0,89355.086,3621.2627,6678.8994,334.9162,0.09998715285938392,0.0599483748111822,0.0030433785105691835,1.587305442169012
106.0,89027.93,3717.8926,6898.3447,345.92084,0.09998715285938392,0.0599483748111822,0.0030433785105691835,1.587305442169012
107.0,88693.5,3815.6768,7123.536,357.20767,0.09998715285938392,0.0599483748111822,0.0030433785105691835,1.587305442169012
108.0,88351.805,3914.5447,7354.538,368.7799,0.09998715285938392,0.0599483748111822,0.0030433785105691835,1.587305442169012
109.0,88002.82,4014.4229,7591.4385,380.64148,0.09998715285938392,0.0599483748111822,0.0030433785105691835,1.587305442169012
110.0,87646.56,4115.2295,7834.307,392.7961,0.09998715285938392,0.0599483748111822,0.0030433785105691835,1.587305442169012
111.0,87283.03,4216.8853,8083.216,405.24683,0.09998715285938392,0.0599483748111822,0.0030433785105691835,1.587305442169012
112.0,86912.26,4319.3057,8338.23,417.99707,0.09998715285938392,0.0599483748111822,0.0030433785105691835,1.587305442169012
113.0,86534.266,4422.4062,8599.408,431.0499,0.09998715285938392,0.0599483748111822,0.0030433785105691835,1.587305442169012
114.0,86149.086,4526.1016,8866.812,444.40793,0.09998715285938392,0.0599483748111822,0.0030433785105691835,1.587305442169012
115.0,85756.77,4630.298,9140.491,458.07413,0.09998715285938392,0.0599483748111822,0.0030433785105691835,1.587305442169012
116.0,85357.375,4734.9053,9420.489,472.05054,0.09998715285938392,0.0599483748111822,0.0030433785105691835,1.587305442169012
117.0,84950.95,4839.83,9706.85,486.33945,0.09998715285938392,0.0599483748111822,0.0030433785105691835,1.587305442169012
118.0,84537.586,4944.976,9999.609,500.94293,0.09998715285938392,0.0599483748111822,0.0030433785105691835,1.587305442169012
119.0,84117.35,5050.246,10298.794,515.86255,0.09998715285938392,0.0599483748111822,0.0030433785105691835,1.587305442169012
120.0,83690.35,5155.5405,10604.419,531.0991,0.09998715285938392,0.0599483748111822,0.0030433785105691835,1.587305442169012
121.0,83256.695,5260.7573,10916.498,546.6539,0.09998715285938392,0.0599483748111822,0.0030433785105691835,1.587305442169012
122.0,82816.47,5365.792,11235.041,562.5275,0.09998715285938392,0.0599483748111822,0.0030433785105691835,1.587305442169012
123.0,82369.83,5470.537,11560.037,578.7199,0.09998715285938392,0.0599483748111822,0.0030433785105691835,1.587305442169012
124.0,81916.91,5574.883,11891.475,595.2308,0.09998715285938392,0.0599483748111822,0.0030433785105691835,1.587305442169012
125.0,81457.84,5678.7188,12229.332,612.0595,0.09998715285938392,0.0599483748111822,0.0030433785105691835,1.587305442169012
126.0,80992.82,5781.9287,12573.569,629.2046,0.09998715285938392,0.0599483748111822,0.0030433785105691835,1.587305442169012
127.0,80521.984,5884.3926,12924.156,646.66486,0.09998715285938392,0.0599483748111822,0.0030433785105691835,1.587305442169012
128.0,80045.54,5985.9893,13281.028,664.4375,0.09998715285938392,0.0599483748111822,0.0030433785105691835,1.587305442169012
129.0,79563.69,6086.5957,13644.128,682.5202,0.09998715285938392,0.0599483748111822,0.0030433785105691835,1.587305442169012
130.0,79076.63,6186.0796,14013.379,700.9098,0.09998715285938392,0.0599483748111822,0.0030433785105691835,1.587305442169012
131.0,78584.6,6284.311,14388.699,719.60223,0.09998715285938392,0.0599483748111822,0.0030433785105691835,1.587305442169012
132.0,78087.836,6381.152,14769.988,738.59314,0.09998715285938392,0.0599483748111822,0.0030433785105691835,1.587305442169012
133.0,77586.58,6476.4644,15157.14,757.8778,0.09998715285938392,0.0599483748111822,0.0030433785105691835,1.587305442169012
134.0,77081.09,6570.1055,15550.041,777.45056,0.09998715285938392,0.0599483748111822,0.0030433785105691835,1.587305442169012
135.0,76571.64,6661.9307,15948.559,797.30554,0.09998715285938392,0.0599483748111822,0.0030433785105691835,1.587305442169012
136.0,76058.52,6751.7896,16352.555,817.4358,0.09998715285938392,0.0599483748111822,0.0030433785105691835,1.587305442169012
137.0,75542.02,6839.533,16761.883,837.8345,0.09998715285938392,0.0599483748111822,0.0030433785105691835,1.587305442169012
138.0,75022.44,6925.0117,17176.387,858.49414,0.09998715285938392,0.0599483748111822,0.0030433785105691835,1.587305442169012
139.0,74500.08,7008.0713,17595.895,879.4065,0.09998715285938392,0.0599483748111822,0.0030433785105691835,1.587305442169012
140.0,73975.266,7088.5586,18020.234,900.5631,0.09998715285938392,0.0599483748111822,0.0030433785105691835,1.587305442169012
141.0,73448.32,7166.325,18449.219,921.95465,0.09998715285938392,0.0599483748111822,0.0030433785105691835,1.587305442169012
142.0,72919.56,7241.218,18882.668,943.5724,0.09998715285938392,0.0599483748111822,0.0030433785105691835,1.587305442169012
143.0,72389.34,7313.0938,19320.371,965.406,0.09998715285938392,0.0599483748111822,0.0030433785105691835,1.587305442169012
144.0,71857.98,7381.8047,19762.14,987.44617,0.09998715285938392,0.0599483748111822,0.0030433785105691835,1.587305442169012
145.0,71325.81,7447.216,20207.756,1009.682,0.09998715285938392,0.0599483748111822,0.0030433785105691835,1.587305442169012
146.0,70793.164,7509.1924,20657.016,1032.1036,0.09998715285938392,0.0599483748111822,0.0030433785105691835,1.587305442169012
147.0,70260.39,7567.6084,21109.695,1054.7,0.09998715285938392,0.0599483748111822,0.0030433785105691835,1.587305442169012
148.0,69727.81,7622.3467,21565.576,1077.4598,0.09998715285938392,0.0599483748111822,0.0030433785105691835,1.587305442169012
149.0,69195.766,7673.295,22024.445,1100.3729,0.09998715285938392,0.0599483748111822,0.0030433785105691835,1.587305442169012
150.0,68664.555,7720.354,22486.074,1123.4285,0.09998715285938392,0.0599483748111822,0.0030433785105691835,1.587305442169012
151.0,68134.51,7763.432,22950.242,1146.6147,0.09998715285938392,0.0599483748111822,0.0030433785105691835,1.587305442169012
152.0,67605.94,7802.4507,23416.717,1169.9209,0.09998715285938392,0.0599483748111822,0.0030433785105691835,1.587305442169012
153.0,67079.14,7837.341,23885.273,1193.3357,0.09998715285938392,0.0599483748111822,0.0030433785105691835,1.587305442169012
154.0,66554.42,7868.047,24355.691,1216.8486,0.09998715285938392,0.0599483748111822,0.0030433785105691835,1.587305442169012
155.0,66032.055,7894.5215,24827.738,1240.4481,0.09998715285938392,0.0599483748111822,0.0030433785105691835,1.587305442169012
156.0,65512.32,7916.7363,25301.182,1264.123,0.09998715285938392,0.0599483748111822,0.0030433785105691835,1.587305442169012
157.0,64995.484,7934.67,25775.8,1287.8627,0.09998715285938392,0.0599483748111822,0.0030433785105691835,1.587305442169012
158.0,64481.812,7948.3145,26251.363,1311.656,0.09998715285938392,0.0599483748111822,0.0030433785105691835,1.587305442169012
159.0,63971.54,7957.6772,26727.645,1335.4922,0.09998715285938392,0.0599483748111822,0.0030433785105691835,1.587305442169012
160.0,63464.906,7962.7725,27204.414,1359.3601,0.09998715285938392,0.0599483748111822,0.0030433785105691835,1.587305442169012
161.0,62962.133,7963.631,27681.45,1383.2495,0.09998715285938392,0.0599483748111822,0.0030433785105691835,1.587305442169012
162.0,62463.438,7960.292,28158.516,1407.1492,0.09998715285938392,0.0599483748111822,0.0030433785105691835,1.587305442169012
163.0,61969.035,7952.807,28635.371,1431.048,0.09998715285938392,0.0599483748111822,0.0030433785105691835,1.587305442169012
164.0,61479.113,7941.239,29111.812,1454.9357,0.09998715285938392,0.0599483748111822,0.0030433785105691835,1.587305442169012
165.0,60993.86,7925.658,29587.586,1478.8013,0.09998715285938392,0.0599483748111822,0.0030433785105691835,1.587305442169012
166.0,60513.445,7906.146,30062.477,1502.6344,0.09998715285938392,0.0599483748111822,0.0030433785105691835,1.587305442169012
167.0,60038.04,7882.7876,30536.25,1526.4243,0.09998715285938392,0.0599483748111822,0.0030433785105691835,1.587305442169012
168.0,59567.797,7855.684,31008.68,1550.16,0.09998715285938392,0.0599483748111822,0.0030433785105691835,1.587305442169012
169.0,59102.867,7824.935,31479.535,1573.8319,0.09998715285938392,0.0599483748111822,0.0030433785105691835,1.587305442169012
170.0,58643.383,7790.6494,31948.594,1597.4291,0.09998715285938392,0.0599483748111822,0.0030433785105691835,1.587305442169012
171.0,58189.473,7752.945,32415.629,1620.9412,0.09998715285938392,0.0599483748111822,0.0030433785105691835,1.587305442169012
172.0,57741.266,7711.938,32880.418,1644.3584,0.09998715285938392,0.0599483748111822,0.0030433785105691835,1.587305442169012
173.0,57298.85,7667.751,33342.758,1667.6709,0.09998715285938392,0.0599483748111822,0.0030433785105691835,1.587305442169012
174.0,56862.35,7620.5083,33802.418,1690.869,0.09998715285938392,0.0599483748111822,0.0030433785105691835,1.587305442169012
175.0,56431.844,7570.338,34259.21,1713.9437,0.09998715285938392,0.0599483748111822,0.0030433785105691835,1.587305442169012
176.0,56007.42,7517.37,34712.918,1736.8848,0.09998715285938392,0.0599483748111822,0.0030433785105691835,1.587305442169012
177.0,55589.16,7461.7334,35163.344,1759.6843,0.09998715285938392,0.0599483748111822,0.0030433785105691835,1.587305442169012
178.0,55177.113,7403.555,35610.32,1782.3341,0.09998715285938392,0.0599483748111822,0.0030433785105691835,1.587305442169012
179.0,54771.344,7342.9653,36053.652,1804.8254,0.09998715285938392,0.0599483748111822,0.0030433785105691835,1.587305442169012
180.0,54371.906,7280.092,36493.18,1827.1515,0.09998715285938392,0.0599483748111822,0.0030433785105691835,1.587305442169012
181.0,53978.812,7215.0596,36928.746,1849.3048,0.09998715285938392,0.0599483748111822,0.0030433785105691835,1.587305442169012
182.0,53592.12,7147.992,37360.195,1871.279,0.09998715285938392,0.0599483748111822,0.0030433785105691835,1.587305442169012
183.0,53211.848,7079.0117,37787.387,1893.0674,0.09998715285938392,0.0599483748111822,0.0030433785105691835,1.587305442169012
184.0,52838.004,7008.2363,38210.2,1914.6647,0.09998715285938392,0.0599483748111822,0.0030433785105691835,1.587305442169012
185.0,52470.58,6935.7812,38628.52,1936.066,0.09998715285938392,0.0599483748111822,0.0030433785105691835,1.587305442169012
186.0,52109.598,6861.76,39042.223,1957.2657,0.09998715285938392,0.0599483748111822,0.0030433785105691835,1.587305442169012
187.0,51755.035,6786.2812,39451.234,1978.2606,0.09998715285938392,0.0599483748111822,0.0030433785105691835,1.587305442169012
188.0,51406.875,6709.4478,39855.473,1999.0466,0.09998715285938392,0.0599483748111822,0.0030433785105691835,1.587305442169012
189.0,51065.086,6631.366,40254.844,2019.6201,0.09998715285938392,0.0599483748111822,0.0030433785105691835,1.587305442169012
190.0,50729.645,6552.133,40649.305,2039.9785,0.09998715285938392,0.0599483748111822,0.0030433785105691835,1.587305442169012
191.0,50400.51,6471.843,41038.79,2060.1194,0.09998715285938392,0.0599483748111822,0.0030433785105691835,1.587305442169012
192.0,50077.645,6390.589,41423.254,2080.0403,0.09998715285938392,0.0599483748111822,0.0030433785105691835,1.587305442169012
193.0,49760.996,6308.462,41802.668,2099.74,0.09998715285938392,0.0599483748111822,0.0030433785105691835,1.587305442169012
194.0,49450.504,6225.5464,42176.996,2119.2163,0.09998715285938392,0.0599483748111822,0.0030433785105691835,1.587305442169012
195.0,49146.113,6141.924,42546.24,2138.4688,0.09998715285938392,0.0599483748111822,0.0030433785105691835,1.587305442169012
196.0,48847.77,6057.6787,42910.355,2157.4954,0.09998715285938392,0.0599483748111822,0.0030433785105691835,1.587305442169012
197.0,48555.39,5972.886,43269.355,2176.296,0.09998715285938392,0.0599483748111822,0.0030433785105691835,1.587305442169012
198.0,48268.918,5887.624,43623.23,2194.8696,0.09998715285938392,0.0599483748111822,0.0030433785105691835,1.587305442169012
199.0,47988.273,5801.965,43971.984,2213.2166,0.09998715285938392,0.0599483748111822,0.0030433785105691835,1.587305442169012
200.0,47713.38,5715.981,44315.617,2231.3354,0.09998715285938392,0.0599483748111822,0.0030433785105691835,1.587305442169012
201.0,47444.164,5629.7397,44654.145,2249.2258,0.09998715285938392,0.0599483748111822,0.0030433785105691835,1.587305442169012
202.0,47180.547,5543.3135,44987.582,2266.8877,0.09998715285938392,0.0599483748111822,0.0030433785105691835,1.587305442169012
203.0,46922.44,5456.7656,45315.94,2284.3208,0.09998715285938392,0.0599483748111822,0.0030433785105691835,1.587305442169012
204.0,46669.77,5370.1626,45639.234,2301.5244,0.09998715285938392,0.0599483748111822,0.0030433785105691835,1.587305442169012
205.0,46422.445,5283.5664,45957.492,2318.499,0.09998715285938392,0.0599483748111822,0.0030433785105691835,1.587305442169012
206.0,46180.387,5197.0405,46270.715,2335.2434,0.09998715285938392,0.0599483748111822,0.0030433785105691835,1.587305442169012
207.0,45943.508,5110.645,46578.945,2351.7576,0.09998715285938392,0.0599483748111822,0.0030433785105691835,1.587305442169012
208.0,45711.723,5024.4385,46882.195,2368.0413,0.09998715285938392,0.0599483748111822,0.0030433785105691835,1.587305442169012
209.0,45484.953,4938.48,47180.49,2384.0942,0.09998715285938392,0.0599483748111822,0.0030433785105691835,1.587305442169012
210.0,45263.11,4852.8247,47473.855,2399.916,0.09998715285938392,0.0599483748111822,0.0030433785105691835,1.587305442169012
211.0,45046.11,4767.5303,47762.31,2415.5056,0.09998715285938392,0.0599483748111822,0.0030433785105691835,1.587305442169012
212.0,44833.867,4682.6475,48045.88,2430.8633,0.09998715285938392,0.0599483748111822,0.0030433785105691835,1.587305442169012
213.0,44626.305,4598.2314,48324.59,2445.9878,0.09998715285938392,0.0599483748111822,0.0030433785105691835,1.587305442169012
214.0,44423.344,4514.3296,48598.477,2460.8794,0.09998715285938392,0.0599483748111822,0.0030433785105691835,1.587305442169012
215.0,44224.883,4430.991,48867.56,2475.5383,0.09998715285938392,0.0599483748111822,0.0030433785105691835,1.587305442169012
216.0,44030.855,4348.2666,49131.86,2489.9634,0.09998715285938392,0.0599483748111822,0.0030433785105691835,1.587305442169012
217.0,43841.184,4266.198,49391.406,2504.154,0.09998715285938392,0.0599483748111822,0.0030433785105691835,1.587305442169012
218.0,43655.78,4184.8306,49646.242,2518.1106,0.09998715285938392,0.0599483748111822,0.0030433785105691835,1.587305442169012
219.0,43474.574,4104.2046,49896.387,2531.833,0.09998715285938392,0.0599483748111822,0.0030433785105691835,1.587305442169012
220.0,43297.492,4024.3613,50141.863,2545.321,0.09998715285938392,0.0599483748111822,0.0030433785105691835,1.587305442169012
221.0,43124.438,3945.3374,50382.723,2558.5747,0.09998715285938392,0.0599483748111822,0.0030433785105691835,1.587305442169012
222.0,42955.363,3867.1685,50618.984,2571.5942,0.09998715285938392,0.0599483748111822,0.0030433785105691835,1.587305442169012
223.0,42790.17,3789.886,50850.69,2584.3804,0.09998715285938392,0.0599483748111822,0.0030433785105691835,1.587305442169012
224.0,42628.797,3713.5225,51077.883,2596.9333,0.09998715285938392,0.0599483748111822,0.0030433785105691835,1.587305442169012
225.0,42471.17,3638.107,51300.59,2609.2534,0.09998715285938392,0.0599483748111822,0.0030433785105691835,1.587305442169012
226.0,42317.22,3563.665,51518.863,2621.3416,0.09998715285938392,0.0599483748111822,0.0030433785105691835,1.587305442169012
227.0,42166.87,3490.222,51732.72,2633.1985,0.09998715285938392,0.0599483748111822,0.0030433785105691835,1.587305442169012
228.0,42020.06,3417.7996,51942.234,2644.8257,0.09998715285938392,0.0599483748111822,0.0030433785105691835,1.587305442169012
229.0,41876.707,3346.4175,52147.43,2656.224,0.09998715285938392,0.0599483748111822,0.0030433785105691835,1.587305442169012
230.0,41736.75,3276.0903,52348.383,2667.3955,0.09998715285938392,0.0599483748111822,0.0030433785105691835,1.587305442169012
231.0,41600.125,3206.8374,52545.1,2678.341,0.09998715285938392,0.0599483748111822,0.0030433785105691835,1.587305442169012
232.0,41466.758,3138.6719,52737.66,2689.0627,0.09998715285938392,0.0599483748111822,0.0030433785105691835,1.587305442169012
233.0,41336.598,3071.603,52926.12,2699.562,0.09998715285938392,0.0599483748111822,0.0030433785105691835,1.587305442169012
234.0,41209.562,3005.64,53110.508,2709.8413,0.09998715285938392,0.0599483748111822,0.0030433785105691835,1.587305442169012
235.0,41085.6,2940.791,53290.895,2719.9023,0.09998715285938392,0.0599483748111822,0.0030433785105691835,1.587305442169012
236.0,40964.637,2877.0603,53467.332,2729.7478,0.09998715285938392,0.0599483748111822,0.0030433785105691835,1.587305442169012
237.0,40846.625,2814.4502,53639.89,2739.3801,0.09998715285938392,0.0599483748111822,0.0030433785105691835,1.587305442169012
238.0,40731.49,2752.964,53808.613,2748.8015,0.09998715285938392,0.0599483748111822,0.0030433785105691835,1.587305442169012
239.0,40619.17,2692.6006,53973.56,2758.0154,0.09998715285938392,0.0599483748111822,0.0030433785105691835,1.587305442169012
240.0,40509.625,2633.3613,54134.793,2767.023,0.09998715285938392,0.0599483748111822,0.0030433785105691835,1.587305442169012
241.0,40402.77,2575.2405,54292.38,2775.8289,0.09998715285938392,0.0599483748111822,0.0030433785105691835,1.587305442169012
242.0,40298.56,2518.2312,54446.38,2784.4353,0.09998715285938392,0.0599483748111822,0.0030433785105691835,1.587305442169012
243.0,40196.934,2462.3306,54596.855,2792.8455,0.09998715285938392,0.0599483748111822,0.0030433785105691835,1.587305442169012
244.0,40097.848,2407.5322,54743.867,2801.0623,0.09998715285938392,0.0599483748111822,0.0030433785105691835,1.587305442169012
245.0,40001.227,2353.8242,54887.492,2809.0889,0.09998715285938392,0.0599483748111822,0.0030433785105691835,1.587305442169012
246.0,39907.023,2301.2007,55027.777,2816.929,0.09998715285938392,0.0599483748111822,0.0030433785105691835,1.587305442169012
247.0,39815.188,2249.6494,55164.79,2824.585,0.09998715285938392,0.0599483748111822,0.0030433785105691835,1.587305442169012
248.0,39725.652,2199.1587,55298.598,2832.061,0.09998715285938392,0.0599483748111822,0.0030433785105691835,1.587305442169012
249.0,39638.383,2149.7192,55429.273,2839.3604,0.09998715285938392,0.0599483748111822,0.0030433785105691835,1.587305442169012
250.0,39553.312,2101.3145,55556.875,2846.4868,0.09998715285938392,0.0599483748111822,0.0030433785105691835,1.587305442169012
251.0,39470.406,2053.935,55681.453,2853.4426,0.09998715285938392,0.0599483748111822,0.0030433785105691835,1.587305442169012
252.0,39389.594,2007.5626,55803.086,2860.232,0.09998715285938392,0.0599483748111822,0.0030433785105691835,1.587305442169012
253.0,39310.844,1962.1854,55921.836,2866.8582,0.09998715285938392,0.0599483748111822,0.0030433785105691835,1.587305442169012
254.0,39234.094,1917.7858,56037.766,2873.3247,0.09998715285938392,0.0599483748111822,0.0030433785105691835,1.587305442169012
255.0,39159.305,1874.3518,56150.934,2879.6345,0.09998715285938392,0.0599483748111822,0.0030433785105691835,1.587305442169012
256.0,39086.42,1831.8644,56261.406,2885.7915,0.09998715285938392,0.0599483748111822,0.0030433785105691835,1.587305442169012
257.0,39015.418,1790.3096,56369.227,2891.799,0.09998715285938392,0.0599483748111822,0.0030433785105691835,1.587305442169012
258.0,38946.223,1749.6709,56474.49,2897.6602,0.09998715285938392,0.0599483748111822,0.0030433785105691835,1.587305442169012
259.0,38878.805,1709.9291,56577.223,2903.3782,0.09998715285938392,0.0599483748111822,0.0030433785105691835,1.587305442169012
260.0,38813.117,1671.0713,56677.496,2908.9573,0.09998715285938392,0.0599483748111822,0.0030433785105691835,1.587305442169012
261.0,38749.125,1633.0787,56775.367,2914.3992,0.09998715285938392,0.0599483748111822,0.0030433785105691835,1.587305442169012
262.0,38686.785,1595.935,56870.902,2919.7083,0.09998715285938392,0.0599483748111822,0.0030433785105691835,1.587305442169012
263.0,38626.04,1559.6222,56964.145,2924.887,0.09998715285938392,0.0599483748111822,0.0030433785105691835,1.587305442169012
264.0,38566.867,1524.1263,57055.15,2929.9392,0.09998715285938392,0.0599483748111822,0.0030433785105691835,1.587305442169012
265.0,38509.223,1489.4276,57143.98,2934.867,0.09998715285938392,0.0599483748111822,0.0030433785105691835,1.587305442169012
266.0,38453.062,1455.5107,57230.688,2939.6746,0.09998715285938392,0.0599483748111822,0.0030433785105691835,1.587305442169012
267.0,38398.363,1422.3588,57315.32,2944.364,0.09998715285938392,0.0599483748111822,0.0030433785105691835,1.587305442169012
268.0,38345.07,1389.9548,57397.93,2948.9387,0.09998715285938392,0.0599483748111822,0.0030433785105691835,1.587305442169012
269.0,38293.164,1358.284,57478.566,2953.4011,0.09998715285938392,0.0599483748111822,0.0030433785105691835,1.587305442169012
270.0,38242.598,1327.3295,57557.28,2957.7544,0.09998715285938392,0.0599483748111822,0.0030433785105691835,1.587305442169012
271.0,38193.336,1297.0742,57634.12,2962.0012,0.09998715285938392,0.0599483748111822,0.0030433785105691835,1.587305442169012
272.0,38145.35,1267.5046,57709.133,2966.1443,0.09998715285938392,0.0599483748111822,0.0030433785105691835,1.587305442169012
273.0,38098.61,1238.6038,57782.367,2970.186,0.09998715285938392,0.0599483748111822,0.0030433785105691835,1.587305442169012
274.0,38053.074,1210.356,57853.855,2974.1292,0.09998715285938392,0.0599483748111822,0.0030433785105691835,1.587305442169012
275.0,38008.72,1182.7466,57923.656,2977.9768,0.09998715285938392,0.0599483748111822,0.0030433785105691835,1.587305442169012
276.0,37965.52,1155.7605,57991.81,2981.7305,0.09998715285938392,0.0599483748111822,0.0030433785105691835,1.587305442169012
277.0,37923.43,1129.3835,58058.35,2985.3933,0.09998715285938392,0.0599483748111822,0.0030433785105691835,1.587305442169012
278.0,37882.426,1103.6013,58123.332,2988.9675,0.09998715285938392,0.0599483748111822,0.0030433785105691835,1.587305442169012
279.0,37842.492,1078.4001,58186.78,2992.4548,0.09998715285938392,0.0599483748111822,0.0030433785105691835,1.587305442169012
280.0,37803.586,1053.7661,58248.742,2995.8584,0.09998715285938392,0.0599483748111822,0.0030433785105691835,1.587305442169012
281.0,37765.684,1029.6841,58309.258,2999.1792,0.09998715285938392,0.0599483748111822,0.0030433785105691835,1.587305442169012
282.0,37728.766,1006.14233,58368.36,3002.4211,0.09998715285938392,0.0599483748111822,0.0030433785105691835,1.587305442169012
283.0,37692.797,983.1277,58426.082,3005.5847,0.09998715285938392,0.0599483748111822,0.0030433785105691835,1.587305442169012
284.0,37657.754,960.6262,58482.473,3008.6729,0.09998715285938392,0.0599483748111822,0.0030433785105691835,1.587305442169012
285.0,37623.62,938.6272,58537.555,3011.6875,0.09998715285938392,0.0599483748111822,0.0030433785105691835,1.587305442169012
286.0,37590.367,917.11816,58591.35,3014.63,0.09998715285938392,0.0599483748111822,0.0030433785105691835,1.587305442169012
287.0,37557.97,896.08594,58643.918,3017.5024,0.09998715285938392,0.0599483748111822,0.0030433785105691835,1.587305442169012
288.0,37526.402,875.5198,58695.277,3020.3064,0.09998715285938392,0.0599483748111822,0.0030433785105691835,1.587305442169012
289.0,37495.65,855.4077,58745.465,3023.0457,0.09998715285938392,0.0599483748111822,0.0030433785105691835,1.587305442169012
290.0,37465.688,835.74,58794.492,3025.719,0.09998715285938392,0.0599483748111822,0.0030433785105691835,1.587305442169012
291.0,37436.492,816.50366,58842.414,3028.33,0.09998715285938392,0.0599483748111822,0.0030433785105691835,1.587305442169012
292.0,37408.047,797.6892,58889.24,3030.88,0.09998715285938392,0.0599483748111822,0.0030433785105691835,1.587305442169012
293.0,37380.336,779.2866,58935.0,3033.37,0.09998715285938392,0.0599483748111822,0.0030433785105691835,1.587305442169012
294.0,37353.324,761.2854,58979.74,3035.8022,0.09998715285938392,0.0599483748111822,0.0030433785105691835,1.587305442169012
295.0,37327.016,743.67554,59023.46,3038.1782,0.09998715285938392,0.0599483748111822,0.0030433785105691835,1.587305442169012
296.0,37301.367,726.44653,59066.2,3040.4988,0.09998715285938392,0.0599483748111822,0.0030433785105691835,1.587305442169012
297.0,37276.39,709.5918,59107.984,3042.7659,0.09998715285938392,0.0599483748111822,0.0030433785105691835,1.587305442169012
298.0,37252.03,693.0989,59148.84,3044.9805,0.09998715285938392,0.0599483748111822,0.0030433785105691835,1.587305442169012
299.0,37228.305,676.96094,59188.785,3047.1445,0.09998715285938392,0.0599483748111822,0.0030433785105691835,1.587305442169012
300.0,37205.176,661.1692,59227.844,3049.2593,0.09998715285938392,0.0599483748111822,0.0030433785105691835,1.587305442169012
301.0,37182.637,645.7134,59266.035,3051.3257,0.09998715285938392,0.0599483748111822,0.0030433785105691835,1.587305442169012
302.0,37160.67,630.5884,59303.395,3053.3447,0.09998715285938392,0.0599483748111822,0.0030433785105691835,1.587305442169012
303.0,37139.26,615.7837,59339.92,3055.318,0.09998715285938392,0.0599483748111822,0.0030433785105691835,1.587305442169012
304.0,37118.39,601.29224,59375.65,3057.2476,0.09998715285938392,0.0599483748111822,0.0030433785105691835,1.587305442169012
305.0,37098.062,587.10547,59410.605,3059.133,0.09998715285938392,0.0599483748111822,0.0030433785105691835,1.587305442169012
306.0,37078.23,573.2168,59444.8,3060.9766,0.09998715285938392,0.0599483748111822,0.0030433785105691835,1.587305442169012
307.0,37058.91,559.6189,59478.246,3062.7786,0.09998715285938392,0.0599483748111822,0.0030433785105691835,1.587305442169012
308.0,37040.066,546.30493,59510.973,3064.5405,0.09998715285938392,0.0599483748111822,0.0030433785105691835,1.587305442169012
309.0,37021.707,533.2688,59543.0,3066.2632,0.09998715285938392,0.0599483748111822,0.0030433785105691835,1.587305442169012
310.0,37003.81,520.50146,59574.336,3067.9482,0.09998715285938392,0.0599483748111822,0.0030433785105691835,1.587305442169012
311.0,36986.36,507.99878,59604.996,3069.5955,0.09998715285938392,0.0599483748111822,0.0030433785105691835,1.587305442169012
312.0,36969.348,495.75244,59635.01,3071.207,0.09998715285938392,0.0599483748111822,0.0030433785105691835,1.587305442169012
313.0,36952.758,483.7578,59664.375,3072.7827,0.09998715285938392,0.0599483748111822,0.0030433785105691835,1.587305442169012
314.0,36936.58,472.00854,59693.12,3074.3245,0.09998715285938392,0.0599483748111822,0.0030433785105691835,1.587305442169012
315.0,36920.816,460.4973,59721.266,3075.8325,0.09998715285938392,0.0599483748111822,0.0030433785105691835,1.587305442169012
316.0,36905.44,449.2207,59748.83,3077.308,0.09998715285938392,0.0599483748111822,0.0030433785105691835,1.587305442169012
317.0,36890.45,438.17163,59775.793,3078.7515,0.09998715285938392,0.0599483748111822,0.0030433785105691835,1.587305442169012
318.0,36875.83,427.3457,59802.207,3080.1638,0.09998715285938392,0.0599483748111822,0.0030433785105691835,1.587305442169012
319.0,36861.574,416.73584,59828.066,3081.5457,0.09998715285938392,0.0599483748111822,0.0030433785105691835,1.587305442169012
320.0,36847.676,406.3391,59853.39,3082.8982,0.09998715285938392,0.0599483748111822,0.0030433785105691835,1.587305442169012
321.0,36834.117,396.1504,59878.188,3084.222,0.09998715285938392,0.0599483748111822,0.0030433785105691835,1.587305442169012
322.0,36820.89,386.16284,59902.48,3085.5176,0.09998715285938392,0.0599483748111822,0.0030433785105691835,1.587305442169012
323.0,36808.0,376.37402,59926.27,3086.7861,0.09998715285938392,0.0599483748111822,0.0030433785105691835,1.587305442169012
324.0,36795.42,366.7776,59949.57,3088.027,0.09998715285938392,0.0599483748111822,0.0030433785105691835,1.587305442169012
325.0,36783.156,357.36816,59972.402,3089.2427,0.09998715285938392,0.0599483748111822,0.0030433785105691835,1.587305442169012
326.0,36771.19,348.14526,59994.76,3090.4324,0.09998715285938392,0.0599483748111822,0.0030433785105691835,1.587305442169012
327.0,36759.527,339.1006,60016.67,3091.5977,0.09998715285938392,0.0599483748111822,0.0030433785105691835,1.587305442169012
328.0,36748.137,330.23145,60038.137,3092.738,0.09998715285938392,0.0599483748111822,0.0030433785105691835,1.587305442169012
329.0,36737.023,321.53418,60059.168,3093.8552,0.09998715285938392,0.0599483748111822,0.0030433785105691835,1.587305442169012
330.0,36726.2,313.00537,60079.78,3094.9497,0.09998715285938392,0.0599483748111822,0.0030433785105691835,1.587305442169012
331.0,36715.633,304.64014,60099.992,3096.021,0.09998715285938392,0.0599483748111822,0.0030433785105691835,1.587305442169012
332.0,36705.316,296.4358,60119.785,3097.0706,0.09998715285938392,0.0599483748111822,0.0030433785105691835,1.587305442169012
333.0,36695.266,288.38647,60139.19,3098.0989,0.09998715285938392,0.0599483748111822,0.0030433785105691835,1.587305442169012
334.0,36685.445,280.49048,60158.215,3099.1064,0.09998715285938392,0.0599483748111822,0.0030433785105691835,1.587305442169012
335.0,36675.875,272.7456,60176.863,3100.093,0.09998715285938392,0.0599483748111822,0.0030433785105691835,1.587305442169012
336.0,36666.527,265.14502,60195.145,3101.0598,0.09998715285938392,0.0599483748111822,0.0030433785105691835,1.587305442169012
337.0,36657.414,257.688,60213.07,3102.0068,0.09998715285938392,0.0599483748111822,0.0030433785105691835,1.587305442169012
338.0,36648.516,250.37183,60230.637,3102.9353,0.09998715285938392,0.0599483748111822,0.0030433785105691835,1.587305442169012
339.0,36639.832,243.19067,60247.863,3103.8452,0.09998715285938392,0.0599483748111822,0.0030433785105691835,1.587305442169012
340.0,36631.363,236.14404,60264.76,3104.7363,0.09998715285938392,0.0599483748111822,0.0030433785105691835,1.587305442169012
341.0,36623.094,229.22754,60281.336,3105.6104,0.09998715285938392,0.0599483748111822,0.0030433785105691835,1.587305442169012
342.0,36615.027,222.43823,60297.586,3106.467,0.09998715285938392,0.0599483748111822,0.0030433785105691835,1.587305442169012
343.0,36607.152,215.77539,60313.523,3107.3064,0.09998715285938392,0.0599483748111822,0.0030433785105691835,1.587305442169012
344.0,36599.465,209.23413,60329.164,3108.1296,0.09998715285938392,0.0599483748111822,0.0030433785105691835,1.587305442169012
345.0,36591.97,202.81201,60344.496,3108.9365,0.09998715285938392,0.0599483748111822,0.0030433785105691835,1.587305442169012
346.0,36584.64,196.50708,60359.547,3109.7278,0.09998715285938392,0.0599483748111822,0.0030433785105691835,1.587305442169012
347.0,36577.496,190.3169,60374.3,3110.5034,0.09998715285938392,0.0599483748111822,0.0030433785105691835,1.587305442169012
348.0,36570.52,184.2378,60388.785,3111.2644,0.09998715285938392,0.0599483748111822,0.0030433785105691835,1.587305442169012
349.0,36563.715,178.26929,60402.99,3112.0105,0.09998715285938392,0.0599483748111822,0.0030433785105691835,1.587305442169012
350.0,36557.066,172.40747,60416.93,3112.7422,0.09998715285938392,0.0599483748111822,0.0030433785105691835,1.587305442169012
351.0,36550.58,166.65063,60430.62,3113.4597,0.09998715285938392,0.0599483748111822,0.0030433785105691835,1.587305442169012
352.0,36544.246,160.99683,60444.04,3114.1633,0.09998715285938392,0.0599483748111822,0.0030433785105691835,1.587305442169012
353.0,36538.055,155.44238,60457.223,3114.8538,0.09998715285938392,0.0599483748111822,0.0030433785105691835,1.587305442169012
354.0,36532.016,149.98804,60470.156,3115.531,0.09998715285938392,0.0599483748111822,0.0030433785105691835,1.587305442169012
355.0,36526.12,144.62842,60482.848,3116.1958,0.09998715285938392,0.0599483748111822,0.0030433785105691835,1.587305442169012
356.0,36520.367,139.36353,60495.316,3116.8474,0.09998715285938392,0.0599483748111822,0.0030433785105691835,1.587305442169012
357.0,36514.742,134.19214,60507.543,3117.487,0.09998715285938392,0.0599483748111822,0.0030433785105691835,1.587305442169012
358.0,36509.26,129.10913,60519.56,3118.1145,0.09998715285938392,0.0599483748111822,0.0030433785105691835,1.587305442169012
359.0,36503.895,124.11572,60531.35,3118.7305,0.09998715285938392,0.0599483748111822,0.0030433785105691835,1.587305442169012
360.0,36498.664,119.20801,60542.934,3119.3347,0.09998715285938392,0.0599483748111822,0.0030433785105691835,1.587305442169012
361.0,36493.547,114.38623,60554.293,3119.928,0.09998715285938392,0.0599483748111822,0.0030433785105691835,1.587305442169012
362.0,36488.56,109.64722,60565.465,3120.51,0.09998715285938392,0.0599483748111822,0.0030433785105691835,1.587305442169012
363.0,36483.684,104.989746,60576.42,3121.0818,0.09998715285938392,0.0599483748111822,0.0030433785105691835,1.587305442169012
364.0,36478.92,100.411865,60587.195,3121.6428,0.09998715285938392,0.0599483748111822,0.0030433785105691835,1.587305442169012
365.0,36474.277,95.91284,60597.766,3122.1934,0.09998715285938392,0.0599483748111822,0.0030433785105691835,1.587305442169012
